year,food_prod_index_2014_16_100,cv5,cv5_scaled_0_1,S_stability_from_cv,A_availability,X_access,U_utilization,S_stability,FSI_geomean
1961,41.21,,,,0.0,,0.0,,
1962,41.26,,,,0.0,,0.0,,
1963,42.93,,,,0.0,,0.0,,
1964,43.52,,,,0.0040646328634464,,0.041047028480491,,
1965,45.33,0.040122720212941325,0.5139079265579801,0.4860920734420199,0.0,,0.0,0.4860920734420199,
1966,46.22,0.04484719660097238,0.6087269741951721,0.3912730258048279,0.0356784440235881,,0.0931789496789761,0.3912730258048279,
1967,48.6,0.04997756936558064,0.711692259575014,0.28830774042498597,0.0627759964465674,,0.1156779893541127,0.2883077404249859,
1968,49.08,0.049667284869923715,0.7054649281294996,0.29453507187050043,0.0887444841852552,,0.1700049388135866,0.2945350718705004,
1969,49.71,0.0398731470286514,0.5088990557950521,0.4911009442049479,0.1248745540825603,,0.1403720572902373,0.4911009442049479,
1970,48.96,0.027692175952025767,0.2644300433754199,0.7355699566245801,0.1203582953453974,0.0,0.0926301926137298,0.7355699566245801,0.0016922446295061
1971,53.18,0.03754099206144441,0.4620932947390483,0.5379067052609516,0.1463267830840851,0.0,0.145859627942709,0.5379067052609516,0.0018407358517962
1972,52.55,0.039702673830433875,0.5054777017708048,0.49452229822919525,0.1576174299269931,0.0,0.1272018877243045,0.4945222982291952,0.0017744792255299
1973,53.59,0.04099887129158361,0.5314920573779844,0.46850794262201556,0.132778006872596,0.0028547799949555,0.0426932996762328,0.4685079426220155,0.0524739633232083
1974,52.57,0.0354026635370229,0.4191775814264058,0.5808224185735942,0.1226164247139791,0.0103620850629235,0.030620644240794,0.5808224185735942,0.0689466825006215
1975,56.78,0.03271706500969529,0.3652782974037009,0.6347217025962991,0.1248745540825603,0.0191235341767154,0.0520221697854351,0.6347217025962991,0.0942331001837942
1976,58.1,0.04684052237649132,0.6487325189671169,0.3512674810328831,0.2716529630403624,0.0311208930072846,0.2462821708829501,0.3512674810328831,0.1644501803459443
1977,60.17,0.056006187518451274,0.8326851029875957,0.16731489701240432,0.2400391518802207,0.0442353887373725,0.1425670855512254,0.1673148970124043,0.1261541243489097
1978,60.53,0.05582987538841218,0.8291465630766873,0.17085343692331267,0.2626204455660361,0.0612542578742269,0.1557372551171575,0.1708534369233126,0.1438368829370264
1979,63.35,0.04205075668131098,0.5526031314284555,0.4473968685715445,0.3292352619391924,0.0783227605200609,0.2034791197936665,0.4473968685715445,0.2201160850167018
1980,60.82,0.03093047435658309,0.32942187431419806,0.6705781256858019,0.2885889333047244,0.0919227411025596,0.0915326784832351,0.6705781256858019,0.200877848515678
1981,65.92,0.039379780099019004,0.4989973061489024,0.5010026938510976,0.3337515206763558,0.113121484344608,0.2226856170773195,0.5010026938510976,0.2547564240765527
1982,66.62,0.04430133082250872,0.5977715859149421,0.40222841408505794,0.3032667742005047,0.1199187176750233,0.1420183284859784,0.4022284140850579,0.2134923106990449
1983,57.69,0.058772244491556755,0.8881991676921035,0.1118008323078965,0.3473002968878454,0.1365032894898072,0.2199418317510829,0.1118008323078965,0.1847780104084316
1984,65.38,0.061113757836818675,0.935192749031609,0.06480725096839102,0.3981082076809303,0.1600615500465551,0.2825001371892665,0.064807250968391,0.1848130367193206
1985,68.56,0.06433267632888691,0.9997956300223754,0.00020436997762462994,0.516659999531463,0.176701891910772,0.47676013828678,0.0002043699776246,0.0546123378532652
1986,66.04,0.06443450619933702,1.0,0.0,0.4850461883713208,0.1892900490288131,0.4361521154584867,0.0,0.0025155746857988
1987,65.37,0.06320632755493331,0.9771900946610043,0.02280990533899574,0.5956945274318178,0.2038937320406115,0.5793777094880106,0.0228099053389957,0.2001604126737749
1988,60.36,0.045709935935934726,0.6260419347075191,0.3739580652924809,0.604727044906144,0.2247361466811528,0.5755364100312779,0.3739580652924809,0.4135537920712188
1989,66.35,0.04634794336820733,0.6388465827033895,0.36115341729661055,0.5765004277988747,0.2466038460674491,0.561817483400098,0.3611534172966105,0.4121180294202087
1990,68.41,0.04576532899080192,0.6271536593256225,0.3728463406743775,0.6442443088563214,0.2624092869234506,0.6166931899248204,0.3728463406743775,0.4440247795916501
1991,67.33,0.04759803956642206,0.6639356976093047,0.3360643023906953,0.6769871847007543,0.2697169559019794,0.705591834494869,0.3360643023906953,0.4561589041008341
1992,73.35,0.06936305062190712,1.0,0.0,0.7187625780195138,0.2866863126513396,0.7335784448224764,0.0,0.0035063861689139
1993,67.27,0.04063279393356875,0.5241449772790246,0.47585502272097535,0.7706995534968888,0.3020141880870682,0.7593700268890958,0.4758550227209753,0.5385302961919259
1994,77.0,0.06130117355959025,0.9389541352437312,0.06104586475626883,0.8384434345543367,0.322514279816926,0.9069856774405968,0.0610458647562688,0.3498000353196869
1995,71.51,0.05814707920723121,0.8756522583614196,0.12434774163858042,0.7424729363896194,0.3384022758430062,0.8257696317840093,0.1243477416385804,0.4007768967370731
1996,76.52,0.05447505518926934,0.8019556639269315,0.19804433607306848,0.7503763891796545,0.3586805847215025,0.8274159029797518,0.1980443360730684,0.4582667312132106
1997,79.13,0.06482209752087235,1.0,0.0,0.819249334921393,0.3826376404789073,0.8592438127640891,0.0,0.004051166103327
1998,80.11,0.04338617372786778,0.5794046142073245,0.4205953857926755,0.8305399817643014,0.4049960528546035,0.893815507874663,0.4205953857926755,0.5963221359192177
1999,81.02,0.049276544784465054,0.6976228733209019,0.3023771266790981,0.8474759520286624,0.4314771122969967,0.9975305932063868,0.3023771266790981,0.5762886638807591
2000,83.02,0.030009926408348757,0.3109467095367682,0.6890532904632318,0.9400592561405072,0.4601971535086114,0.9695439828787796,0.6890532904632318,0.7332125182125405
2001,81.64,0.01829243570575452,0.07577963114214681,0.9242203688578532,0.8858641512945492,0.472574119034705,0.886681666026451,0.9242203688578532,0.7653235568640672
2002,80.44,0.014159251471708255,0.0,1.0,0.9716730673006492,0.4855578268052787,0.9739340394007572,1.0,0.8233275866725963
2003,83.11,0.014556329620982474,0.0007969258148290089,0.999203074185171,0.964898679194904,0.5077922621977883,0.9843604236404534,0.999203074185171,0.8331897607670244
2004,87.95,0.03432536372143441,0.3975564462689511,0.6024435537310489,1.0,0.5417202829216604,1.0,0.6024435537310489,0.7558278051799627
2005,85.68,0.03639798437642769,0.43915341924092055,0.5608465807590794,1.0,0.5780489466405967,1.0,0.5608465807590794,0.7545745834699099
2006,84.48,0.033313024928567005,0.37723906242742117,0.6227609375725789,0.9716730673006492,0.6111219840639143,0.9854579377709488,0.6227609375725789,0.7769657629558635
2007,89.61,0.030408705957257497,0.318950114345925,0.681049885654075,0.9423173855090886,0.637298423277487,1.0,0.681049885654075,0.7997048741862552
2008,91.2,0.031391096814134135,0.33866645067739903,0.6613335493226009,0.8779606985045141,0.6446348968766878,0.892717993744169,0.6613335493226009,0.7602928962923783
2009,93.03,0.04087768036036269,0.5290597860029504,0.47094021399704955,0.8158621408685202,0.6227203952364363,0.7835153377599742,0.4709402139970495,0.658007414707575
2010,92.23,0.037697292212463394,0.46523019928633635,0.5347698007136636,0.8305800911247406,0.643847564969282,0.784892109118559,0.5347698007136636,0.6883120186374566
2011,91.36,0.013992193784826527,0.0,1.0,0.8234505002228795,0.6635741197136702,0.6739574404686736,1.0,0.7790042954629632
2012,90.89,0.00953789664395918,0.0,1.0,0.8619768609969116,0.6880110010376114,0.7036081813981361,1.0,0.8037212809341049
2013,95.8,0.020901425894240568,0.12814140515666833,0.8718585948433317,0.8467988033471421,0.7107058168933014,0.6933837879741833,0.8718585948433317,0.7766448388464668
2014,98.13,0.033571772020481463,0.38243205119891266,0.6175679488010873,0.8287091270526683,0.7377429957563063,0.6647554863871158,0.6175679488010873,0.7078047518233942
2015,97.01,0.03503083439365377,0.4117150644483695,0.5882849355516304,0.8372889918802185,0.7623546452506195,0.7087203781101121,0.5882849355516304,0.718246916211935
2016,104.86,0.05168935860647329,0.7460474372171816,0.2539525627828184,0.8567182341671228,0.7781486847964157,0.7593311255586774,0.2539525627828184,0.5987852587632528
2017,101.95,0.03774865284575706,0.46626099422210665,0.5337390057778933,0.8667040897470586,0.8074666968399609,0.7920491845153259,0.5337390057778933,0.7375120825203595
2018,103.19,0.03310785005710843,0.37312125458736695,0.626878745412633,0.8965841609335854,0.8476098264189607,0.8661760368389827,0.626878745412633,0.8014827668042349
2019,99.64,0.03034675402298482,0.3177067546750208,0.6822932453249793,0.929198718071602,0.8801060115216369,0.9357019121218606,0.6822932453249793,0.8500374201441339
2020,103.12,0.018819139690979557,0.0863504470726218,0.9136495529273783,0.9597319660643548,0.8669496550454777,1.0,0.9136495529273784,0.9337505510005
2021,104.86,0.018819139690979557,0.0863504470726218,0.9136495529273783,0.99074125817012,0.969924065491064,0.8861136040156904,0.9136495529273784,0.939164695659022
2022,101.28,0.019567126363892476,0.10136235064580748,0.8986376493541925,1.0,1.0,0.9878463185840196,0.8986376493541925,0.9706630525358448
2023,104.64,0.021763104656121218,0.14543508023518179,0.8545649197648182,1.0,1.0,0.9909136366112048,0.8545649197648182,0.959279616801819
2024,,,,,,1.0,,,
