year,corn_production,corn_area_harvested,corn_yield,wheat_production,wheat_area_harvested,wheat_yield,soybeans_production,soybeans_area_harvested,soybeans_yield,A_availability,X_access,U_utilization,S_stability,FSI_geomean,cpi_food_index,cpi_food_yoy_pct,iENERGY,iAGRICULTURE,iFOOD,iGRAINS,iFERTILIZERS,iMETMIN,CRUDE_PETRO,MAIZE,SOYBEANS,WHEAT_US_HRW,WHEAT_US_SRW,us_population
1970,4152243000.0,57358000.0,72.39169775794134,1351558000.0,43564000.0,31.024653383527685,1127100000.0,42249000.0,26.67755449833132,0.1203582953453974,0.0,0.0926301926137298,0.7355699566245801,0.0016922446295061,39.925000000000004,4.9967126890203994,2.11311453784639,24.64563716387,26.0936772533,27.44792480206,8.69299740406,18.27384108503,1.21,58.4,116.91666666667,54.9025,,
1971,5646260000.0,64123000.0,88.0535845172559,1618636000.0,47685000.0,33.94434308482752,1176101000.0,42705000.0,27.5401241072474,0.1463267830840851,0.0,0.145859627942709,0.5379067052609516,0.0018407358517962,40.891666666666666,2.4212064287205015,2.70936939051966,24.62716930848,26.62365467549,27.35459850323,8.51416868529,16.8007732166,1.69,58.4,125.58333333333,61.72833333333,,
1972,5579832000.0,57513000.0,97.01862187679308,1546209000.0,47303000.0,32.687334841341986,1270608000.0,45683000.0,27.81358492218112,0.1576174299269931,0.0,0.1272018877243045,0.4945222982291952,0.0017744792255299,42.708333333333336,4.442632973303451,2.92528497197365,26.09892699168,28.55323298436,28.83159931739,11.88708413578,16.46221884098,1.82,55.7525,140.0,69.8125,,
1973,5670712000.0,62143000.0,91.25262700545515,1710787000.0,54148000.0,31.59464800177292,1547543000.0,55667000.0,27.80000718558572,0.132778006872596,0.0028547799949555,0.0426932996762328,0.4685079426220155,0.0524739633232083,49.666666666666664,16.29268292682926,4.1740098635899,42.69879901029,50.03480567363,56.35876235846,19.68891732891,21.49028212624,2.8075,97.82166666667,290.33333333333,139.81,,
1974,4701402000.0,65405000.0,71.88138521519761,1781918000.0,65368000.0,27.259790723289683,1216287000.0,51341000.0,23.69036442609221,0.1226164247139791,0.0103620850629235,0.030620644240794,0.5808224185735942,0.0689466825006215,57.041666666666664,14.848993288590595,13.8029622412604,56.1911485006,68.61049726392,82.58080441648,70.51417413976,26.70617307809,10.9749994278,131.22583333333,276.91666666667,179.70583333333,,
1975,5840757000.0,67625000.0,86.36978927911275,2126927000.0,69499000.0,30.603706528151484,1548344000.0,53617000.0,28.877855903911072,0.1248745540825603,0.0191235341767154,0.0520221697854351,0.6347217025962991,0.0942331001837942,61.75,8.254200146092039,13.8493572313914,45.36458491839,52.94666702198,65.58260743432,51.2133943471,23.34227125951,10.43250012398,119.635,219.91666666667,149.055,,
1976,6289169000.0,71506000.0,87.95302492098565,2148780000.0,70927000.0,30.29565609711393,1288608000.0,49401000.0,26.084654156798447,0.2716529630403624,0.0311208930072846,0.2462821708829501,0.3512674810328831,0.1644501803459443,63.05833333333334,2.1187584345479182,15.3701481052498,48.26704064277,47.61024356843,55.49915132775,25.99310812504,25.34049851961,11.63000011444,112.37166666667,231.16666666667,132.92,,
1977,6505041000.0,71614000.0,90.83476694501076,2045527000.0,66686000.0,30.6740095372342,1767267000.0,57830000.0,30.559692201279613,0.2400391518802207,0.0442353887373725,0.1425670855512254,0.1673148970124043,0.1261541243489097,66.8,5.933659310162542,16.84637631586,56.29596515968,49.34962754736,49.30217719406,36.07970758711,28.33081622651,12.56500005722,95.35,280.16666666667,103.21833333333,,
1978,7267927000.0,71930000.0,101.04166550813292,1775524000.0,56495000.0,31.42798477741393,1868754000.0,63663000.0,29.3538476037887,0.2626204455660361,0.0612542578742269,0.1557372551171575,0.1708534369233126,0.1438368829370264,73.83333333333333,10.52894211576847,17.67004441125,55.90107969853,54.46639440601,59.19186931884,33.61459419753,30.70139479205,12.91666666667,100.7425,268.33333333333,127.745,,
1979,7928139000.0,72400000.0,109.504682320442,2134060000.0,62454000.0,34.17010920037147,2260665000.0,70343000.0,32.137739362836385,0.3292352619391924,0.0783227605200609,0.2034791197936665,0.4473968685715445,0.2201160850167018,81.81666666666668,10.812641083521468,39.03839955154,63.33111899326,61.67687987375,64.34502897788,40.50676405343,39.0517492957,30.9645832777,115.5225,297.75,160.29333333333,156.31,
1980,6639396000.0,72961000.0,90.99924617261276,2380934000.0,71125000.0,33.47534622144112,1797543000.0,67813000.0,26.50735109787209,0.2885889333047244,0.0919227411025596,0.0915326784832351,0.6705781256858019,0.200877848515678,88.35833333333333,7.995518435526572,46.7843762097,68.76335916492,70.99277537217,74.22412381344,52.53438338817,42.87884752722,36.86874993642,125.2625,296.22916666667,172.72666666667,168.30166666667,
1981,8118650000.0,74524000.0,108.94007299661854,2785357000.0,80642000.0,34.539780759405765,1989110000.0,66163000.0,30.06378187204329,0.3337515206763558,0.113121484344608,0.2226856170773195,0.5010026938510976,0.2547564240765527,94.81666666666666,7.309252098462693,46.86210123227,61.71165456572,66.04958788983,78.7024709496,49.78514187756,33.87738996105,35.48499965668,130.78083333333,288.41666666667,174.96,154.58666666667,
1982,8235101000.0,72719000.0,113.24552042794868,2764967000.0,77937000.0,35.47694933086981,2190297000.0,69442000.0,31.5413870568244,0.3032667742005047,0.1199187176750233,0.1420183284859784,0.4022284140850579,0.2134923106990449,98.08333333333333,3.445245210054493,44.01151477599,52.65753060752,52.79934778391,60.4349998706,37.5156049801,28.89373604256,32.64722212685,109.2625,244.60416666667,160.355,132.55166666667,
1983,4174251000.0,51479000.0,81.08648186639212,2419824000.0,61390000.0,39.41723407721127,1635772000.0,62525000.0,26.16188724510196,0.3473002968878454,0.1365032894898072,0.2199418317510829,0.1118008323078965,0.1847780104084316,99.125,1.062022090059478,39.34468226804,57.0932588731,57.47027171702,65.18058833724,34.91435898225,34.38814132535,29.65777783924,136.01666666667,281.5875,157.415,137.30416666667,
1984,7672130000.0,71897000.0,106.71001571692838,2594777000.0,66928000.0,38.76967786277791,1860863000.0,66113000.0,28.14670337150031,0.3981082076809303,0.1600615500465551,0.2825001371892665,0.064807250968391,0.1848130367193206,102.79166666666667,3.6990332072299292,37.82405642812,59.75045935167,58.89498383695,63.27364027492,39.3290029731,30.89119865988,28.55749999152,135.9425,282.08333333333,152.33333333333,140.2275,
1985,8875453000.0,75209000.0,118.01051735829488,2424115000.0,64704000.0,37.46468533630069,2099056000.0,61599000.0,34.07613759963636,0.516659999531463,0.176701891910772,0.47676013828678,0.0002043699776246,0.0546123378532652,104.26666666666667,1.434941224158881,36.14621258779,50.2049359388,48.60682397793,53.53752518234,33.66686671131,28.24157753227,27.18333333333,112.23333333333,224.41666666667,135.82833333333,128.66,
1986,8225764000.0,68907000.0,119.3748675751375,2090570000.0,60688000.0,34.44783153176905,1942558000.0,58312000.0,33.31317739058856,0.4850461883713208,0.1892900490288131,0.4361521154584867,0.0,0.0025155746857988,107.25,2.8612531969309574,21.85039023997,47.92935963954,42.58335980415,44.83088989233,27.18424107478,28.34936993091,14.35,87.55833333333,208.41666666667,114.91666666667,118.38916666667,
1987,7131300000.0,59505000.0,119.84371061255356,2107685000.0,55945000.0,37.674233622307625,1937722000.0,57172000.0,33.89284964668019,0.5956945274318178,0.2038937320406115,0.5793777094880106,0.0228099053389957,0.2001604126737749,111.88333333333333,4.320124320124319,24.51793142323,49.59440602964,45.45148752213,43.92267834808,29.18084212286,36.07201407439,18.14583333333,75.69666666667,215.75,112.89583333333,112.10166666667,
1988,4928681000.0,58250000.0,84.61254935622317,1812201000.0,53189000.0,34.07097332155145,1548841000.0,57373000.0,26.99599114566085,0.604727044906144,0.2247361466811528,0.5755364100312779,0.3739580652924809,0.4135537920712188,116.55,4.171011470281538,21.19183459737,56.82094870518,57.93201259775,58.66534361675,35.55610519657,56.43143375197,14.71805555556,106.89083333333,303.5,145.19916666667,140.7225,
1989,7531953000.0,64783000.0,116.26434404087492,2036618000.0,62189000.0,32.748846258984706,1923666000.0,59538000.0,32.30988612314824,0.5765004277988747,0.2466038460674491,0.561817483400098,0.3611534172966105,0.4121180294202087,124.20833333333333,6.570856570856565,24.66286336059,57.44896237829,58.69403662968,63.8503790253,33.82661483868,51.569472723,17.83888888889,111.52416666667,275.0,169.235,161.26166666667,
1990,7934028000.0,66952000.0,118.50322619189868,2729778000.0,69103000.0,39.50303170629351,1925947000.0,56512000.0,34.08031922423556,0.6442443088563214,0.2624092869234506,0.6166931899248204,0.3728463406743775,0.4440247795916501,132.31666666666666,6.528010734652812,30.94902134676,55.05028155871,54.68209145572,57.91277454146,34.77358607953,45.33768759565,22.87916666667,109.27583333333,246.75,135.5225,129.08916666667,
1991,7474765000.0,68822000.0,108.61011013919968,1980139000.0,57803000.0,34.256682179125654,1986539000.0,58011000.0,34.2441778283429,0.6769871847007543,0.2697169559019794,0.705591834494869,0.3360643023906953,0.4561589041008341,135.84166666666667,2.664063484066004,27.00753120564,54.32339245141,54.09772228551,58.07645931237,38.85140621258,38.57241981199,19.37083333333,107.42,239.58333333333,128.665,126.11333333333,
1992,9476698000.0,72077000.0,131.48019479168113,2466798000.0,62761000.0,39.30463185736365,2190354000.0,58233000.0,37.61362114265108,0.7187625780195138,0.2866863126513396,0.7335784448224764,0.0,0.0035063861689139,136.82500000000002,0.7238819704312727,26.21400696194,53.73441508567,53.87355205386,58.38691422969,35.49601630199,37.31883515755,19.02083333333,104.24583333333,235.5,151.2,145.14166666667,
1993,6337730000.0,62933000.0,100.70598890883956,2396440000.0,62712000.0,38.21342007909172,1869718000.0,57307000.0,32.626345821627375,0.7706995534968888,0.3020141880870682,0.7593700268890958,0.4758550227209753,0.5385302961919259,140.05833333333334,2.363115902308288,23.94841605937,57.33679916241,54.12246443785,54.47818832891,30.45608141373,32.14374189495,16.84166666667,102.09,255.08333333333,140.23833333333,134.77416666667,
1994,10050520000.0,72514000.0,138.60109771906116,2320981000.0,61770000.0,37.57456694188117,2514869000.0,60809000.0,41.35685507079544,0.8384434345543367,0.322514279816926,0.9069856774405968,0.0610458647562688,0.3498000353196869,144.08333333333334,2.873802582257401,22.32581449567,64.03326854622,58.13676250509,58.76629661874,32.84503198496,38.56614910051,15.88666666667,107.55,251.83333333333,149.72916666667,138.555,
1995,7400051000.0,65210000.0,113.48030976844042,2182708000.0,60955000.0,35.808514477893524,2174254000.0,61544000.0,35.328447939685425,0.7424729363896194,0.3384022758430062,0.8257696317840093,0.1243477416385804,0.4007768967370731,148.75,3.2388663967611198,23.87785370246,66.86995797446,62.99523826574,69.37700561218,38.69238121446,46.96237468675,17.18333333333,123.4875,259.25,176.9825,167.35833333333,
1996,9232557000.0,72644000.0,127.09318044160564,2277388000.0,62819000.0,36.25317181107626,2380274000.0,63349000.0,37.57397906833573,0.7503763891796545,0.3586805847215025,0.8274159029797518,0.1980443360730684,0.4582667312132106,154.29999999999998,3.731092436974781,29.02206941973,68.26998129599,67.96454239064,83.60636506404,44.07726997883,40.05542094931,20.42,165.80916666667,304.83333333333,207.6,187.41916666667,
1997,9206832000.0,72671000.0,126.69196791017048,2481466000.0,62840000.0,39.4886378103119,2688750000.0,69110000.0,38.9053682535089,0.819249334921393,0.3826376404789073,0.8592438127640891,0.0,0.004051166103327,158.14166666666668,2.489738604450231,26.85881326531,65.85868871401,62.80723895661,64.7590826624,38.58906893846,41.2903055161,19.17104272487,117.09166666667,295.41666666667,159.48416666667,143.64833333333,
1998,9758685000.0,72589000.0,134.437518081252,2547321000.0,59002000.0,43.17346869597641,2741014000.0,70441000.0,38.91219602220298,0.8305399817643014,0.4049960528546035,0.893815507874663,0.4205953857926755,0.5963221359192177,161.13333333333333,1.8917637139695298,19.06748710387,57.31951423402,57.29676483701,57.42664208776,33.74830913977,33.76474325216,13.06444166667,101.98666666667,243.25,126.12666666667,111.515,
1999,9430612000.0,70487000.0,133.79221700455403,2295560000.0,53773000.0,42.68982574898183,2653758000.0,72446000.0,36.63084228252768,0.8474759520286624,0.4314771122969967,0.9975305932063868,0.3023771266790981,0.5762886638807591,164.20833333333334,1.9083574679354731,24.41549872516,50.64301237484,48.13922374424,49.59467720486,31.8720853264,33.52692270648,18.07138888889,90.21666666667,201.66666666667,112.0425,96.27833333333,
2000,9915051000.0,72440000.0,136.872598012148,2228160000.0,53063000.0,41.99084107570247,2757810000.0,72408000.0,38.08708982432881,0.9400592561405072,0.4601971535086114,0.9695439828787796,0.6890532904632318,0.7332125182125405,167.88333333333335,2.238010657193623,39.2156377983,48.86405185167,46.88457865685,46.64525053004,36.11762973264,38.24927811018,28.22971944444,88.53416666667,211.83333333333,114.0875,98.91416666667,282162411.0
2001,9502580000.0,68768000.0,138.1831665891112,1947453000.0,48473000.0,40.17603614383265,2890682000.0,72975000.0,39.61194929770469,0.8858641512945492,0.472574119034705,0.886681666026451,0.9242203688578532,0.7653235568640672,173.36666666666667,3.2661570535093665,35.04610770737,47.07950053361,48.73345661443,46.89259747614,34.86330709925,34.38309024162,24.35182500429,89.64083333333,195.83333333333,126.80833333333,107.72416666667,284968955.0
2002,8966787000.0,69330000.0,129.33487667676332,1605878000.0,45824000.0,35.044474511173185,2756147000.0,72497000.0,38.01739382319269,0.9716730673006492,0.4855578268052787,0.9739340394007572,1.0,0.8233275866725963,175.61666666666667,1.297827340895985,33.97167594969,50.63330724663,51.79877518495,52.93876586234,34.92322603438,33.08425939619,24.92774838181,99.27083333333,212.66666666667,148.0775,129.9575,287625193.0
2003,10087292000.0,70944000.0,142.18668245376634,2344415000.0,53063000.0,44.181727380660725,2453845000.0,72476000.0,33.85734588001545,0.964898679194904,0.5077922621977883,0.9843604236404534,0.999203074185171,0.8331897607670244,179.39166666666665,2.149568188288864,41.39682750697,54.93812022408,56.18551768739,54.3154605814,42.10999075845,36.83175532693,28.89890318948,105.37007583333,264.0,146.1431,138.57684166667,290107933.0
2004,11805581000.0,73631000.0,160.3343836155967,2156790000.0,49969000.0,43.16256078768836,3123790000.0,73958000.0,42.23735092890559,1.0,0.5417202829216604,1.0,0.6024435537310489,0.7558278051799627,186.1833333333333,3.7859432340781263,53.44147649605,60.51652972634,63.59386481715,59.27942387022,50.25554089252,49.28127432247,37.73338770304,111.80347966667,306.5,156.88168008749,144.44395972875,292805298.0
2005,11112187000.0,75117000.0,147.93171985036676,2103325000.0,50104000.0,41.97918329873863,3068342000.0,71251000.0,43.06384471796887,1.0,0.5780489466405967,1.0,0.5608465807590794,0.7545745834699099,189.775,1.9291021394682861,75.38773034965,61.99983593676,62.464541481,58.79179704238,58.97404880062,60.10369102587,53.39102459679,98.67179116667,274.6875,152.35059374974,135.72001732969,295516599.0
2006,10531123000.0,70638000.0,149.08580367507574,1808416000.0,46800000.0,38.64136752136752,3196726000.0,74602000.0,42.85040615533096,0.9716730673006492,0.6111219840639143,0.9854579377709488,0.6227609375725789,0.7769657629558635,193.11666666666667,1.760857155403328,85.39766682462,68.37736566635,67.73874467279,70.02185756299,61.08176643026,91.92306481571,64.2882591402,121.85101775,268.64583333333,192.043356686,158.96785216266,298379912.0
2007,13037875000.0,86520000.0,150.6920365233472,2051088000.0,50999000.0,40.218200356869744,2677117000.0,64146000.0,41.73474573628909,0.9423173855090886,0.637298423277487,1.0,0.681049885654075,0.7997048741862552,201.245,4.209027358246309,94.36914719705,81.25263806749,83.86603041307,88.98235612053,83.35883223853,108.12447552986,71.11655901006,163.66491446667,383.10333333333,255.2061104968,238.587672411,301231207.0
2008,12043203000.0,78570000.0,153.2799159984727,2511896000.0,56036000.0,44.826468698693695,2967007000.0,74681000.0,39.72907432948139,0.8779606985045141,0.6446348968766878,0.892717993744169,0.6613335493226009,0.7602928962923783,214.12516666666667,6.400241827954312,129.03409536099,102.75455232928,111.98482682845,130.69170808128,190.08511436297,102.22371012061,96.99045375846,223.11682773333,521.87,326.03004623959,271.52032792916,304093966.0
2009,13067156000.0,79490000.0,164.38741980123285,2208918000.0,49841000.0,44.31929535924239,3360931000.0,76372000.0,44.00737181165872,0.8158621408685202,0.6227203952364363,0.7835153377599742,0.4709402139970495,0.658007414707575,215.1235,0.46623820491284995,79.35657336959,89.50763310976,92.98769459241,98.94708673161,120.03651280871,68.41676522365,61.75692221551,165.50963333333,423.6225,224.06988173743,185.953589925,306771529.0
2010,12425330000.0,81446000.0,152.55911892542298,2163023000.0,46883000.0,46.13661668408592,3331306000.0,76610000.0,43.48395770787104,0.8305800911247406,0.643847564969282,0.784892109118559,0.5347698007136636,0.6883120186374566,215.8355,0.330972673836194,100.0,100.0,100.0,100.0,100.0,100.0,79.04077178472,185.91420833333,447.10166666667,223.58210540486,229.67709914286,309378227.0
2011,12313956000.0,83879000.0,146.80618509996543,1993111000.0,45687000.0,43.62534200100685,3097179000.0,73776000.0,41.98084743005855,0.8234505002228795,0.6635741197136702,0.6739574404686736,1.0,0.7790042954629632,226.2005,4.802268394216891,135.21507073254,121.52111966101,122.46902308122,138.19203959563,137.61735614105,113.49124257509,104.00939752553,291.68407333333,537.51916666667,316.26413255854,285.91334630299,311839461.0
2012,53691984000.0,526380000.0,102.0023253163114,6744628000.0,97584000.0,69.11612559435973,14199680000.0,452115000.0,31.407230461276445,0.8619768609969116,0.6880110010376114,0.7036081813981361,1.0,0.8037212809341049,231.7735,2.4637434488429477,134.12247156247,114.28926919835,124.15108522674,141.3382252105,141.06167881075,96.12756237208,105.00962888488,298.41696413768,595.5075,313.24226961107,295.36618792745,314339099.0
2013,55425769000.0,352963000.0,157.02996914690775,6362707000.0,136792000.0,46.513736183402536,13019360000.0,304677000.0,42.73167977891341,0.8467988033471421,0.7107058168933014,0.6933837879741833,0.8718585948433317,0.7766448388464668,233.86891666666668,0.9040794856472578,131.65296819687,105.6813548404,114.59314038314,128.25284806405,114.36441979286,90.80847565449,104.07749749759,259.38922323788,551.38916666667,312.24786689792,276.73346173919,316726282.0
2014,71526897000.0,500857000.0,142.80901934084977,6047651000.0,185105000.0,32.671462143107966,19541912000.0,501591000.0,38.95985374538219,0.8287091270526683,0.7377429957563063,0.6647554863871158,0.6175679488010873,0.7078047518233942,239.45600000000002,2.3889807217504666,120.40235773113,101.88458156883,106.01653813113,104.08341191293,101.47294963957,84.79044062036,96.235,192.88121953333,484.8575,284.8859214,245.21163752025,319257560.0
2015,68081402000.0,485384000.0,140.26297117333905,6345865000.0,192680000.0,32.934736350425574,19647562000.0,498147000.0,39.441293433464416,0.8372889918802185,0.7623546452506195,0.7087203781101121,0.5882849355516304,0.718246916211935,242.25,1.1668114392623163,66.09910600088,87.85747928828,88.46385989393,87.0646783881,98.4020707637,66.93781916701,50.75277777778,169.75022306667,392.1225,204.449128614,206.37664030275,321815121.0
2016,75677408000.0,520070000.0,145.5138885150076,6890176000.0,176127000.0,39.12049827681162,21187576000.0,497911000.0,42.55293817569807,0.8567182341671228,0.7781486847964157,0.7593311255586774,0.2539525627828184,0.5987852587632528,239.06508333333332,-1.3147230822153522,56.02388371076,87.4469371009,89.62566925495,80.68537698801,77.7094140548,62.96807452078,42.81194444444,159.1608872,405.4475,166.63254345000001,176.30378359125,324353340.0
2017,71804453000.0,499459000.0,143.76445914479467,5239870000.0,151900000.0,34.49552337063858,22079629000.0,534677000.0,41.29526611393421,0.8667040897470586,0.8074666968399609,0.7920491845153259,0.5337390057778933,0.7375120825203595,238.58908333333332,-0.19910895951974483,69.35798926664,86.94846096013,90.20208785739,80.54523586508,74.2585009075,78.19971299913,52.805,154.53153846667,393.37811183333,174.195615525,178.18260991725,326608609.0
2018,73138649000.0,490013000.0,149.25858905784133,5643593000.0,158313000.0,35.64832325835528,22996359000.0,530871000.0,43.31816769045587,0.8965841609335854,0.8476098264189607,0.8661760368389827,0.626878745412633,0.8014827668042349,239.66108333333332,0.44930806767145004,89.35813828858,86.55525219788,90.44734405002,88.75876185959,82.50326035462,82.51012543675,68.3475,164.4145468,394.42416666667,209.9288346,203.89093102725,328529577.0
2019,68708448000.0,492250000.0,139.58039207719654,5833223000.0,152609000.0,38.22332234665059,17964196000.0,457168000.0,39.29451755153467,0.929198718071602,0.8801060115216369,0.9357019121218606,0.6822932453249793,0.8500374201441339,241.7745,0.8818355643194664,78.25171393644,83.13101916585,86.97996020112,88.95724894234,81.3785924897,78.35898702329,61.4075,170.07008806667,368.94666666667,201.692128575,211.27579630275,330226227.0
2020,73492958000.0,498741000.0,147.3569608273633,5480899000.0,146643000.0,37.3757970036074,21392073000.0,496241000.0,43.10823370096384,0.9597319660643548,0.8669496550454777,1.0,0.9136495529273784,0.9337505510005,250.23283333333333,3.4984389724033615,52.68381369088,87.07572997935,93.12162821909,95.34816323065,74.60819918939,79.14750453154,41.25777777778,165.46600046667,406.63984166467,231.56548795,227.73879764625,
2021,74845117000.0,509233000.0,146.9761720077057,5089079000.0,151451000.0,33.60214854969594,22050257000.0,519040000.0,42.48277011405672,0.99074125817012,0.969924065491064,0.8861136040156904,0.9136495529273784,0.939164695659022,258.89175,3.4603439330170405,95.38153611633,107.73860643677,120.92583644348,123.82473363084,152.30746508347,116.4444663316,69.07055555556,259.54567977893,583.3225,315.2375,281.660606585182,
2022,69778220000.0,485017000.0,143.86757577569446,5213430000.0,148256000.0,35.1650523418951,21837609000.0,520789000.0,41.93177851298702,1.0,1.0,0.9878463185840196,0.8986376493541925,0.9706630525358448,288.4510833333333,11.417642058247623,152.57393833198,119.31760848966,138.11749681602,150.37289779006,235.73620010441,115.02407389721,97.10138888889,318.80665693333,675.395,429.97166666667,381.9184301661429,
2023,75883923000.0,520438000.0,145.80780611715517,5277206000.0,150393000.0,35.089439003145095,20747371000.0,496036000.0,41.82634123329758,1.0,1.0,0.9909136366112048,0.8545649197648182,0.959279616801819,302.9289166666667,5.019164139038024,106.95201084625,110.88394289909,125.44405313007,133.04077947589,153.53819494048,103.99665409897,80.75569444444,252.6552851537,597.89833333333,340.43,257.7418135486364,
