year,kcal_supply_kcal_cap_day,gdp_pc_usd,food_prod_index,temp_change_c,k_norm,g_norm,f_norm,t_norm,FSI_geomean,FSI_lag1,dFSI,corn_production,corn_area_harvested,corn_yield_derived,corn_yield_sum_not_used,soybeans_production,soybeans_area_harvested,soybeans_yield_derived,soybeans_yield_sum_not_used,wheat_production,wheat_area_harvested,wheat_yield_derived,wheat_yield_sum_not_used,corn_production_yoy,corn_area_harvested_yoy,corn_yield_derived_yoy,soybeans_production_yoy,soybeans_area_harvested_yoy,soybeans_yield_derived_yoy,wheat_production_yoy,wheat_area_harvested_yoy,wheat_yield_derived_yoy,corn_production_lag1,corn_production_yoy_lag1,corn_area_harvested_lag1,corn_area_harvested_yoy_lag1,corn_yield_derived_lag1,corn_yield_derived_yoy_lag1,soybeans_production_lag1,soybeans_production_yoy_lag1,soybeans_area_harvested_lag1,soybeans_area_harvested_yoy_lag1,soybeans_yield_derived_lag1,soybeans_yield_derived_yoy_lag1,wheat_production_lag1,wheat_production_yoy_lag1,wheat_area_harvested_lag1,wheat_area_harvested_yoy_lag1,wheat_yield_derived_lag1,wheat_yield_derived_yoy_lag1,dFSI_lag1,corn_production_lag2,corn_production_yoy_lag2,corn_area_harvested_lag2,corn_area_harvested_yoy_lag2,corn_yield_derived_lag2,corn_yield_derived_yoy_lag2,soybeans_production_lag2,soybeans_production_yoy_lag2,soybeans_area_harvested_lag2,soybeans_area_harvested_yoy_lag2,soybeans_yield_derived_lag2,soybeans_yield_derived_yoy_lag2,wheat_production_lag2,wheat_production_yoy_lag2,wheat_area_harvested_lag2,wheat_area_harvested_yoy_lag2,wheat_yield_derived_lag2,wheat_yield_derived_yoy_lag2,FSI_lag2,dFSI_lag2
1970,3029,5165.167997,48.96,-0.023,0.17628866,1.00E-06,0.149556156,1,0.012742574,,,4152243000,65436000,63.45502476,72.4,1127100000,42249000,26.6775545,135.3,3830161000,87128000,43.96016206,113.1,,,,,,,,,,,,,,,,,,,,,,,,,,,,,,,,,,,,,,,,,,,,,,,,
1971,3052,5535.663898,53.18,-0.415,0.2,0.008038438,0.230991895,1,0.138819221,0.012742574,0.126076647,5646260000,72937000,77.41283573,88.1,1176101000,42705000,27.54012411,139.4,4563381000,95370000,47.84922932,132.1,0.359809626,0.11463109,0.219963841,0.043475291,0.010793155,0.032333159,0.191433206,0.094596456,0.088467992,4152243000,,65436000,,63.45502476,,1127100000,,42249000,,26.6775545,,3830161000,,87128000,,43.96016206,,,,,,,,,,,,,,,,,,,,,,
1972,3062,6009.65298,52.55,-0.261,0.210309278,0.018322309,0.218834427,1,0.170407446,0.138819221,0.031588226,5579832000,65864000,84.71747844,97,1270608000,45683000,27.81358492,141.8,4356384000,94606000,46.04765025,124.3,-0.011764956,-0.096974101,0.094359581,0.080356194,0.069734223,0.009929542,-0.045360447,-0.008010905,-0.037651162,5646260000,0.359809626,72937000,0.11463109,77.41283573,0.219963841,1176101000,0.043475291,42705000,0.010793155,27.54012411,0.032333159,4563381000,0.191433206,95370000,0.094596456,47.84922932,0.088467992,0.126076647,4152243000,,65436000,,63.45502476,,1127100000,,42249000,,26.6775545,,3830161000,,87128000,,43.96016206,,0.012742574,
1973,3040,6629.453816,53.59,-0.028,0.187628866,0.031769774,0.238903898,1,0.194260388,0.170407446,0.023852942,5670712000,71166000,79.68288228,91.3,1547543000,55667000,27.80000719,139.8,4872358000,108296000,44.99111694,120.1,0.016287229,0.08049921,-0.059428069,0.217954711,0.21854957,-0.000488169,0.11844089,0.14470541,-0.022944348,5579832000,-0.011764956,65864000,-0.096974101,84.71747844,0.094359581,1270608000,0.080356194,45683000,0.069734223,27.81358492,0.009929542,4356384000,-0.045360447,94606000,-0.008010905,46.04765025,-0.037651162,0.031588226,5646260000,0.359809626,72937000,0.11463109,77.41283573,0.219963841,1176101000,0.043475291,42705000,0.010793155,27.54012411,0.032333159,4563381000,0.191433206,95370000,0.094596456,47.84922932,0.088467992,0.138819221,0.126076647
1974,3031,7118.426763,52.57,0.089,0.178350515,0.042378741,0.219220378,0.938957476,0.198603691,0.194260388,0.004343303,4701402000,76249000,61.65853978,374.5,1216287000,51341000,23.69036443,121.6,5264509000,130736000,40.26824287,98.9,-0.17093268,0.071424557,-0.226200935,-0.214052857,-0.07771211,-0.147828838,0.080484849,0.207209869,-0.104973479,5670712000,0.016287229,71166000,0.08049921,79.68288228,-0.059428069,1547543000,0.217954711,55667000,0.21854957,27.80000719,-0.000488169,4872358000,0.11844089,108296000,0.14470541,44.99111694,-0.022944348,0.023852942,5579832000,-0.011764956,65864000,-0.096974101,84.71747844,0.094359581,1270608000,0.080356194,45683000,0.069734223,27.81358492,0.009929542,4356384000,-0.045360447,94606000,-0.008010905,46.04765025,-0.037651162,0.170407446,0.031588226
1975,3033,7689.085815,56.78,-0.371,0.180412371,0.054760004,0.300463142,1,0.233415799,0.198603691,0.034812108,5840757000,77473000,75.39087166,432.3,1548344000,53617000,28.8778559,138.9,6257419000,138998000,45.01805062,115.8,0.242343667,0.01605267,0.222715814,0.273008755,0.044331041,0.218970523,0.188604483,0.063196059,0.117954184,4701402000,-0.17093268,76249000,0.071424557,61.65853978,-0.226200935,1216287000,-0.214052857,51341000,-0.07771211,23.69036443,-0.147828838,5264509000,0.080484849,130736000,0.207209869,40.26824287,-0.104973479,0.004343303,5670712000,0.016287229,71166000,0.08049921,79.68288228,-0.059428069,1547543000,0.217954711,55667000,0.21854957,27.80000719,-0.000488169,4872358000,0.11844089,108296000,0.14470541,44.99111694,-0.022944348,0.194260388,0.023852942
1976,3163,8470.509222,58.1,-0.118,0.31443299,0.071714102,0.325935932,1,0.292796734,0.233415799,0.059380935,6289169000,82787000,75.9680747,424.7,1288608000,49401000,26.08465416,129.7,6311426000,141854000,44.49240769,118,0.076772925,0.068591638,0.00765614,-0.167750836,-0.078631777,-0.096724693,0.008630875,0.020547058,-0.01167627,5840757000,0.242343667,77473000,0.01605267,75.39087166,0.222715814,1548344000,0.273008755,53617000,0.044331041,28.8778559,0.218970523,6257419000,0.188604483,138998000,0.063196059,45.01805062,0.117954184,0.034812108,4701402000,-0.17093268,76249000,0.071424557,61.65853978,-0.226200935,1216287000,-0.214052857,51341000,-0.07771211,23.69036443,-0.147828838,5264509000,0.080484849,130736000,0.207209869,40.26824287,-0.104973479,0.198603691,0.004343303
1977,3135,9324.695054,60.17,0.39,0.28556701,0.090246884,0.365881899,0.732510288,0.288286115,0.292796734,-0.004510618,6505041000,80928000,80.38059757,450.1,1767267000,57830000,30.5596922,143.6,6056617000,133372000,45.41145818,117.3,0.034324408,-0.022455216,0.058083911,0.371454313,0.170624076,0.171558266,-0.040372651,-0.059793873,0.020656344,6289169000,0.076772925,82787000,0.068591638,75.9680747,0.00765614,1288608000,-0.167750836,49401000,-0.078631777,26.08465416,-0.096724693,6311426000,0.008630875,141854000,0.020547058,44.49240769,-0.01167627,0.059380935,5840757000,0.242343667,77473000,0.01605267,75.39087166,0.222715814,1548344000,0.273008755,53617000,0.044331041,28.8778559,0.218970523,6257419000,0.188604483,138998000,0.063196059,45.01805062,0.117954184,0.233415799,0.034812108
1978,3155,10433.18426,60.53,0.018,0.306185567,0.114297142,0.372829024,0.987654321,0.336925353,0.288286115,0.048639237,7267927000,80554000,90.22428433,499.3,1868754000,63663000,29.3538476,142.2,5193244000,112990000,45.96197894,126.3,0.117276125,-0.004621392,0.122463468,0.057425958,0.100864603,-0.039458663,-0.142550371,-0.152820682,0.012122948,6505041000,0.034324408,80928000,-0.022455216,80.38059757,0.058083911,1767267000,0.371454313,57830000,0.170624076,30.5596922,0.171558266,6056617000,-0.040372651,133372000,-0.059793873,45.41145818,0.020656344,-0.004510618,6289169000,0.076772925,82787000,0.068591638,75.9680747,0.00765614,1288608000,-0.167750836,49401000,-0.078631777,26.08465416,-0.096724693,6311426000,0.008630875,141854000,0.020547058,44.49240769,-0.01167627,0.292796734,0.059380935
1979,3214,11544.90623,63.35,-0.328,0.367010309,0.138417539,0.427248167,1,0.383828659,0.336925353,0.046903306,7928139000,80389000,98.62218712,531.8,2260665000,70343000,32.13773936,156.6,6295526000,124908000,50.40130336,126.4,0.090839107,-0.002048315,0.093078076,0.209717812,0.104927509,0.094839075,0.212253073,0.105478361,0.096586886,7267927000,0.117276125,80554000,-0.004621392,90.22428433,0.122463468,1868754000,0.057425958,63663000,0.100864603,29.3538476,-0.039458663,5193244000,-0.142550371,112990000,-0.152820682,45.96197894,0.012122948,0.048639237,6505041000,0.034324408,80928000,-0.022455216,80.38059757,0.058083911,1767267000,0.371454313,57830000,0.170624076,30.5596922,0.171558266,6056617000,-0.040372651,133372000,-0.059793873,45.41145818,0.020656344,0.288286115,-0.004510618
1980,3178,12430.71313,60.82,0.413,0.329896907,0.157636385,0.378425318,0.716735254,0.344622331,0.383828659,-0.039206328,6639396000,82260000,80.71232677,457.4,1797543000,67813000,26.5073511,133.5,7034407000,142250000,49.45101582,118,-0.162553028,0.023274329,-0.181600722,-0.204860959,-0.035966621,-0.17519553,0.117366047,0.138838185,-0.018854424,7928139000,0.090839107,80389000,-0.002048315,98.62218712,0.093078076,2260665000,0.209717812,70343000,0.104927509,32.13773936,0.094839075,6295526000,0.212253073,124908000,0.105478361,50.40130336,0.096586886,0.046903306,7267927000,0.117276125,80554000,-0.004621392,90.22428433,0.122463468,1868754000,0.057425958,63663000,0.100864603,29.3538476,-0.039458663,5193244000,-0.142550371,112990000,-0.152820682,45.96197894,0.012122948,0.336925353,0.048639237
1981,3218,13811.44987,65.92,0.873,0.371134021,0.187593442,0.476842918,0.401234568,0.33972736,0.344622331,-0.004894971,8118650000,82831000,98.0146322,538.5,1989110000,66163000,30.06378187,154,8173031000,161284000,50.67477865,133.4,0.222799484,0.006941405,0.214370049,0.106571581,-0.024331618,0.134167717,0.161864959,0.133806678,0.024746971,6639396000,-0.162553028,82260000,0.023274329,80.71232677,-0.181600722,1797543000,-0.204860959,67813000,-0.035966621,26.5073511,-0.17519553,7034407000,0.117366047,142250000,0.138838185,49.45101582,-0.018854424,-0.039206328,7928139000,0.090839107,80389000,-0.002048315,98.62218712,0.093078076,2260665000,0.209717812,70343000,0.104927509,32.13773936,0.094839075,6295526000,0.212253073,124908000,0.105478361,50.40130336,0.096586886,0.383828659,0.046903306
1982,3191,14254.17375,66.62,-0.346,0.343298969,0.19719897,0.490351216,1,0.426845885,0.33972736,0.087118525,8235101000,80971000,101.7043262,569.6,2190297000,69442000,31.54138706,161.2,8149038000,155874000,52.27964895,140.2,0.014343641,-0.022455361,0.037644319,0.10114423,0.049559421,0.049149012,-0.002935631,-0.033543315,0.031670001,8118650000,0.222799484,82831000,0.006941405,98.0146322,0.214370049,1989110000,0.106571581,66163000,-0.024331618,30.06378187,0.134167717,8173031000,0.161864959,161284000,0.133806678,50.67477865,0.024746971,-0.004894971,6639396000,-0.162553028,82260000,0.023274329,80.71232677,-0.181600722,1797543000,-0.204860959,67813000,-0.035966621,26.5073511,-0.17519553,7034407000,0.117366047,142250000,0.138838185,49.45101582,-0.018854424,0.344622331,-0.039206328
1983,3230,15334.37588,57.69,0.548,0.383505155,0.220635499,0.318023929,0.624142661,0.359995909,0.426845885,-0.066849976,4174251000,59287000,70.4075261,429.5,1635772000,62525000,26.16188725,130.5,7186493000,122780000,58.53146278,142.2,-0.493114778,-0.267799583,-0.307723391,-0.253173428,-0.099608306,-0.170553686,-0.118117623,-0.212312509,0.119584082,8235101000,0.014343641,80971000,-0.022455361,101.7043262,0.037644319,2190297000,0.10114423,69442000,0.049559421,31.54138706,0.049149012,8149038000,-0.002935631,155874000,-0.033543315,52.27964895,0.031670001,0.087118525,8118650000,0.222799484,82831000,0.006941405,98.0146322,0.214370049,1989110000,0.106571581,66163000,-0.024331618,30.06378187,0.134167717,8173031000,0.161864959,161284000,0.133806678,50.67477865,0.024746971,0.33972736,-0.004894971
1984,3275,16868.79496,65.38,-0.23,0.429896907,0.253926914,0.466422231,1,0.475021289,0.359995909,0.11502538,7672130000,79432000,96.58739551,532.3,1860863000,66113000,28.14670337,146.9,7680892000,133856000,57.38175353,146.2,0.837965661,0.339787812,0.371833394,0.137605363,0.057385046,0.075866703,0.068795586,0.090210132,-0.019642585,4174251000,-0.493114778,59287000,-0.267799583,70.4075261,-0.307723391,1635772000,-0.253173428,62525000,-0.099608306,26.16188725,-0.170553686,7186493000,-0.118117623,122780000,-0.212312509,58.53146278,0.119584082,-0.066849976,8235101000,0.014343641,80971000,-0.022455361,101.7043262,0.037644319,2190297000,0.10114423,69442000,0.049559421,31.54138706,0.049149012,8149038000,-0.002935631,155874000,-0.033543315,52.27964895,0.031670001,0.426845885,0.087118525
1985,3380,17952.62956,68.56,-0.023,0.53814433,0.277442254,0.527788499,1,0.52982546,0.475021289,0.054804171,8875453000,82364000,107.7588874,573.6,2099056000,61599000,34.0761376,166.9,7159835000,129408000,55.32760726,147.4,0.156843406,0.036912076,0.115662005,0.128001363,-0.068277041,0.210661766,-0.067838084,-0.033229739,-0.0357979,7672130000,0.837965661,79432000,0.339787812,96.58739551,0.371833394,1860863000,0.137605363,66113000,0.057385046,28.14670337,0.075866703,7680892000,0.068795586,133856000,0.090210132,57.38175353,-0.019642585,0.11502538,4174251000,-0.493114778,59287000,-0.267799583,70.4075261,-0.307723391,1635772000,-0.253173428,62525000,-0.099608306,26.16188725,-0.170553686,7186493000,-0.118117623,122780000,-0.212312509,58.53146278,0.119584082,0.359995909,-0.066849976
1986,3352,18772.5334,66.04,0.587,0.509278351,0.29523124,0.479158626,0.59739369,0.455474814,0.52982546,-0.074350646,8225764000,75325000,109.2036376,598,1942558000,58312000,33.31317739,166.4,6173803000,121376000,50.86510513,135.9,-0.073200658,-0.085462095,0.013407249,-0.074556372,-0.053361256,-0.022389868,-0.13771714,-0.06206726,-0.080655975,8875453000,0.156843406,82364000,0.036912076,107.7588874,0.115662005,2099056000,0.128001363,61599000,-0.068277041,34.0761376,0.210661766,7159835000,-0.067838084,129408000,-0.033229739,55.32760726,-0.0357979,0.054804171,7672130000,0.837965661,79432000,0.339787812,96.58739551,0.371833394,1860863000,0.137605363,66113000,0.057385046,28.14670337,0.075866703,7680892000,0.068795586,133856000,0.090210132,57.38175353,-0.019642585,0.475021289,0.11502538
1987,3450,19723.7144,65.37,0.915,0.610309278,0.315868471,0.466229255,0.372427984,0.427734735,0.455474814,-0.027740079,7131300000,65499000,108.8764714,600.7,1937722000,57172000,33.89284965,170.9,6230438000,111890000,55.68359996,139.4,-0.133053173,-0.130448058,-0.002995927,-0.002489501,-0.019550007,0.01740069,0.009173438,-0.078153836,0.094730854,8225764000,-0.073200658,75325000,-0.085462095,109.2036376,0.013407249,1942558000,-0.074556372,58312000,-0.053361256,33.31317739,-0.022389868,6173803000,-0.13771714,121376000,-0.06206726,50.86510513,-0.080655975,-0.074350646,8875453000,0.156843406,82364000,0.036912076,107.7588874,0.115662005,2099056000,0.128001363,61599000,-0.068277041,34.0761376,0.210661766,7159835000,-0.067838084,129408000,-0.033229739,55.32760726,-0.0357979,0.52982546,0.054804171
1988,3458,21081.24241,60.36,0.476,0.618556701,0.345321982,0.369548437,0.673525377,0.480183539,0.427734735,0.052448804,4928681000,66551000,74.05870686,404.1,1548841000,57373000,26.99599115,131.9,5391772000,106378000,50.68502886,108.5,-0.308866406,0.016061314,-0.319791449,-0.200689779,0.003515707,-0.203490075,-0.134607872,-0.049262669,-0.089767384,7131300000,-0.133053173,65499000,-0.130448058,108.8764714,-0.002995927,1937722000,-0.002489501,57172000,-0.019550007,33.89284965,0.01740069,6230438000,0.009173438,111890000,-0.078153836,55.68359996,0.094730854,-0.027740079,8225764000,-0.073200658,75325000,-0.085462095,109.2036376,0.013407249,1942558000,-0.074556372,58312000,-0.053361256,33.31317739,-0.022389868,6173803000,-0.13771714,121376000,-0.06206726,50.86510513,-0.080655975,0.455474814,-0.074350646
1989,3433,22505.55024,66.35,0.316,0.592783505,0.376224376,0.485140872,0.783264746,0.539547732,0.480183539,0.059364193,7531953000,71389000,105.5057922,572.5,1923666000,59538000,32.30988612,162,6017625000,124378000,48.38174758,121.6,0.528188373,0.072696128,0.424623744,0.242003537,0.03773552,0.196840151,0.116075568,0.169207919,-0.04544303,4928681000,-0.308866406,66551000,0.016061314,74.05870686,-0.319791449,1548841000,-0.200689779,57373000,0.003515707,26.99599115,-0.203490075,5391772000,-0.134607872,106378000,-0.049262669,50.68502886,-0.089767384,0.052448804,7131300000,-0.133053173,65499000,-0.130448058,108.8764714,-0.002995927,1937722000,-0.002489501,57172000,-0.019550007,33.89284965,0.01740069,6230438000,0.009173438,111890000,-0.078153836,55.68359996,0.094730854,0.427734735,-0.027740079
1990,3493,23535.00528,68.41,0.676,0.654639175,0.398559874,0.524893863,0.536351166,0.52059989,0.539547732,-0.018947842,7934028000,73075000,108.5737667,597.2,1925947000,56512000,34.08031922,165,8066904000,138206000,58.368696,633,0.053382569,0.023617084,0.02907873,0.001185757,-0.050824683,0.054795399,0.340546146,0.111177218,0.206419754,7531953000,0.528188373,71389000,0.072696128,105.5057922,0.424623744,1923666000,0.242003537,59538000,0.03773552,32.30988612,0.196840151,6017625000,0.116075568,124378000,0.169207919,48.38174758,-0.04544303,0.059364193,4928681000,-0.308866406,66551000,0.016061314,74.05870686,-0.319791449,1548841000,-0.200689779,57373000,0.003515707,26.99599115,-0.203490075,5391772000,-0.134607872,106378000,-0.049262669,50.68502886,-0.089767384,0.480183539,0.052448804
1991,3522,24010.97534,67.33,0.531,0.684536082,0.408886725,0.504052489,0.635802469,0.54726709,0.52059989,0.0266672,7474765000,74962000,99.71405512,540.2,1986539000,58011000,34.24417783,163.5,5836460000,115606000,50.48578793,591.5,-0.057885226,0.025822785,-0.081600849,0.031460887,0.02652534,0.004808013,-0.276493187,-0.163524015,-0.135053695,7934028000,0.053382569,73075000,0.023617084,108.5737667,0.02907873,1925947000,0.001185757,56512000,-0.050824683,34.08031922,0.054795399,8066904000,0.340546146,138206000,0.111177218,58.368696,0.206419754,-0.018947842,7531953000,0.528188373,71389000,0.072696128,105.5057922,0.424623744,1923666000,0.242003537,59538000,0.03773552,32.30988612,0.196840151,6017625000,0.116075568,124378000,0.169207919,48.38174758,-0.04544303,0.539547732,0.059364193
1992,3559,25116.23965,73.35,0.399,0.722680412,0.432867013,0.620223852,0.726337449,0.612698644,0.54726709,0.065431554,9476698000,78146000,121.2691373,627.3,2190354000,58233000,37.61362114,182.9,7300488000,125522000,58.16102357,625.9,0.267825544,0.042474854,0.216168945,0.102598036,0.00382686,0.098394633,0.250841777,0.085774095,0.152027649,7474765000,-0.057885226,74962000,0.025822785,99.71405512,-0.081600849,1986539000,0.031460887,58011000,0.02652534,34.24417783,0.004808013,5836460000,-0.276493187,115606000,-0.163524015,50.48578793,-0.135053695,0.0266672,7934028000,0.053382569,73075000,0.023617084,108.5737667,0.02907873,1925947000,0.001185757,56512000,-0.050824683,34.08031922,0.054795399,8066904000,0.340546146,138206000,0.111177218,58.368696,0.206419754,0.52059989,-0.018947842
1993,3605,26114.58944,67.27,0.011,0.770103093,0.454527639,0.502894635,0.992455418,0.646508581,0.612698644,0.033809938,6337730000,69756000,90.855697,543.2,1869718000,57307000,32.62634582,166.8,7118844000,125424000,56.75822809,654.3,-0.331230139,-0.107363141,-0.250792914,-0.14638547,-0.015901637,-0.132592268,-0.024881076,-0.00078074,-0.024119168,9476698000,0.267825544,78146000,0.042474854,121.2691373,0.216168945,2190354000,0.102598036,58233000,0.00382686,37.61362114,0.098394633,7300488000,0.250841777,125522000,0.085774095,58.16102357,0.152027649,0.065431554,7474765000,-0.057885226,74962000,0.025822785,99.71405512,-0.081600849,1986539000,0.031460887,58011000,0.02652534,34.24417783,0.004808013,5836460000,-0.276493187,115606000,-0.163524015,50.48578793,-0.135053695,0.54726709,0.0266672
1994,3665,27449.82095,77,0.472,0.831958763,0.483497395,0.690659977,0.676268861,0.658369806,0.646508581,0.011861225,10050520000,78231000,128.4723447,668.2,2514869000,60809000,41.35685507,199.2,6866196000,123540000,55.57872754,638.4,0.585823315,0.121494925,0.414026296,0.345052569,0.061109463,0.267590778,-0.035490032,-0.015021049,-0.020781138,6337730000,-0.331230139,69756000,-0.107363141,90.855697,-0.250792914,1869718000,-0.14638547,57307000,-0.015901637,32.62634582,-0.132592268,7118844000,-0.024881076,125424000,-0.00078074,56.75822809,-0.024119168,0.033809938,9476698000,0.267825544,78146000,0.042474854,121.2691373,0.216168945,2190354000,0.102598036,58233000,0.00382686,37.61362114,0.098394633,7300488000,0.250841777,125522000,0.085774095,58.16102357,0.152027649,0.612698644,0.065431554
1995,3580,28484.65304,71.51,0.641,0.744329897,0.505949556,0.584716326,0.560356653,0.592680459,0.658369806,-0.065689346,7400051000,70531000,104.9191278,590.5,2174254000,61544000,35.32844794,179.6,6445844000,121910000,52.87379214,601.3,-0.263714614,-0.098426455,-0.183332973,-0.135440454,0.012087027,-0.145765608,-0.061220507,-0.013194107,-0.048668538,10050520000,0.585823315,78231000,0.121494925,128.4723447,0.414026296,2514869000,0.345052569,60809000,0.061109463,41.35685507,0.267590778,6866196000,-0.035490032,123540000,-0.015021049,55.57872754,-0.020781138,0.011861225,6337730000,-0.331230139,69756000,-0.107363141,90.855697,-0.250792914,1869718000,-0.14638547,57307000,-0.015901637,32.62634582,-0.132592268,7118844000,-0.024881076,125424000,-0.00078074,56.75822809,-0.024119168,0.646508581,0.033809938
1996,3587,29805.43918,76.52,-0.001,0.751546392,0.534605899,0.681397144,1,0.723348295,0.592680459,0.130667836,9232557000,78251000,117.9864411,615.5,2380274000,63349000,37.57397907,184.5,6716074000,125638000,53.45575383,599.2,0.247634239,0.109455417,0.12454653,0.094754339,0.02932861,0.063561556,0.041923137,0.030579936,0.011006619,7400051000,-0.263714614,70531000,-0.098426455,104.9191278,-0.183332973,2174254000,-0.135440454,61544000,0.012087027,35.32844794,-0.145765608,6445844000,-0.061220507,121910000,-0.013194107,52.87379214,-0.048668538,-0.065689346,10050520000,0.585823315,78231000,0.121494925,128.4723447,0.414026296,2514869000,0.345052569,60809000,0.061109463,41.35685507,0.267590778,6866196000,-0.035490032,123540000,-0.015021049,55.57872754,-0.020781138,0.658369806,0.011861225
1997,3648,31365.83296,79.13,0.393,0.81443299,0.568460872,0.731763798,0.730452675,0.705309502,0.723348295,-0.018038794,9206832000,78725000,116.9492791,629.4,2688750000,69110000,38.90536825,195.7,7356615000,125680000,58.53449236,597.3,-0.002786335,0.006057431,-0.008790518,0.129596845,0.090940662,0.035433809,0.095374321,0.000334294,0.095008267,9232557000,0.247634239,78251000,0.109455417,117.9864411,0.12454653,2380274000,0.094754339,63349000,0.02932861,37.57397907,0.063561556,6716074000,0.041923137,125638000,0.030579936,53.45575383,0.011006619,0.130667836,7400051000,-0.263714614,70531000,-0.098426455,104.9191278,-0.183332973,2174254000,-0.135440454,61544000,0.012087027,35.32844794,-0.145765608,6445844000,-0.061220507,121910000,-0.013194107,52.87379214,-0.048668538,0.592680459,-0.065689346
1998,3658,32822.10238,80.11,1.276,0.824742268,0.600056719,0.750675415,0.124828532,0.464054676,0.705309502,-0.241254826,9758685000,78502000,124.3112914,661.4,2741014000,70441000,38.91219602,196.3,7503844000,118004000,63.58974272,679,0.05993951,-0.002832645,0.062950472,0.019438029,0.019259152,0.000175497,0.020013145,-0.061075748,0.086363615,9206832000,-0.002786335,78725000,0.006057431,116.9492791,-0.008790518,2688750000,0.129596845,69110000,0.090940662,38.90536825,0.035433809,7356615000,0.095374321,125680000,0.000334294,58.53449236,0.095008267,-0.018038794,9232557000,0.247634239,78251000,0.109455417,117.9864411,0.12454653,2380274000,0.094754339,63349000,0.02932861,37.57397907,0.063561556,6716074000,0.041923137,125638000,0.030579936,53.45575383,0.011006619,0.723348295,0.130667836
1999,3673,34546.89198,81.02,0.76,0.840206186,0.637478494,0.768236202,0.478737997,0.666209805,0.464054676,0.202155129,9430612000,76524000,123.2373112,668.7,2653758000,72446000,36.63084228,187.4,6787358000,107546000,63.11120823,657,-0.033618566,-0.02519681,-0.008639443,-0.031833475,0.028463537,-0.058628244,-0.095482529,-0.088624114,-0.007525341,9758685000,0.05993951,78502000,-0.002832645,124.3112914,0.062950472,2741014000,0.019438029,70441000,0.019259152,38.91219602,0.000175497,7503844000,0.020013145,118004000,-0.061075748,63.58974272,0.086363615,-0.241254826,9206832000,-0.002786335,78725000,0.006057431,116.9492791,-0.008790518,2688750000,0.129596845,69110000,0.090940662,38.90536825,0.035433809,7356615000,0.095374321,125680000,0.000334294,58.53449236,0.095008267,0.705309502,-0.018038794
2000,3755,36417.51307,83.02,1.005,0.924742268,0.678064292,0.806831339,0.310699588,0.629656593,0.666209805,-0.036553212,9915051000,78522000,126.2709941,697.9,2757810000,72408000,38.08708982,195,6574675000,106126000,61.95159527,541.4,0.051368776,0.026109456,0.024616595,0.039209302,-0.000524529,0.039754684,-0.031335168,-0.013203652,-0.018374121,9430612000,-0.033618566,76524000,-0.02519681,123.2373112,-0.008639443,2653758000,-0.031833475,72446000,0.028463537,36.63084228,-0.058628244,6787358000,-0.095482529,107546000,-0.088624114,63.11120823,-0.007525341,0.202155129,9758685000,0.05993951,78502000,-0.002832645,124.3112914,0.062950472,2741014000,0.019438029,70441000,0.019259152,38.91219602,0.000175497,7503844000,0.020013145,118004000,-0.061075748,63.58974272,0.086363615,0.464054676,-0.241254826
2001,3707,37223.66138,81.64,0.792,0.875257732,0.695554832,0.780200695,0.456790123,0.682492041,0.629656593,0.052835449,9502580000,74910000,126.8532906,679.9,2890682000,72975000,39.6119493,195.1,5758803000,96946000,59.40217234,515.1,-0.041600492,-0.045999847,0.004611483,0.048180259,0.007830626,0.040036125,-0.12409313,-0.086500952,-0.041151853,9915051000,0.051368776,78522000,0.026109456,126.2709941,0.024616595,2757810000,0.039209302,72408000,-0.000524529,38.08708982,0.039754684,6574675000,-0.031335168,106126000,-0.013203652,61.95159527,-0.018374121,-0.036553212,9430612000,-0.033618566,76524000,-0.02519681,123.2373112,-0.008639443,2653758000,-0.031833475,72446000,0.028463537,36.63084228,-0.058628244,6787358000,-0.095482529,107546000,-0.088624114,63.11120823,-0.007525341,0.666209805,0.202155129
2002,3783,38069.3286,80.44,0.954,0.953608247,0.713902791,0.757043613,0.345679012,0.64968187,0.682492041,-0.032810171,8966787000,76452000,117.2864935,634.7,2756147000,72497000,38.01739382,186,4737674000,91648000,51.69424319,416.7,-0.05638395,0.020584702,-0.075416231,-0.04654092,-0.006550188,-0.040254406,-0.177316189,-0.05464898,-0.129758372,9502580000,-0.041600492,74910000,-0.045999847,126.8532906,0.004611483,2890682000,0.048180259,72975000,0.007830626,39.6119493,0.040036125,5758803000,-0.12409313,96946000,-0.086500952,59.40217234,-0.041151853,0.052835449,9915051000,0.051368776,78522000,0.026109456,126.2709941,0.024616595,2757810000,0.039209302,72408000,-0.000524529,38.08708982,0.039754684,6574675000,-0.031335168,106126000,-0.013203652,61.95159527,-0.018374121,0.629656593,-0.036553212
2003,3777,39517.52304,83.11,0.991,0.94742268,0.745323439,0.80856812,0.320301783,0.653944862,0.64968187,0.004262992,10087292000,77527000,130.1132767,706,2453845000,72476000,33.85734588,177.5,6936608000,106126000,65.36200366,485.4,0.124961706,0.01406111,0.109362833,-0.109682829,-0.000289667,-0.109424859,0.464137887,0.157973987,0.264396181,8966787000,-0.05638395,76452000,0.020584702,117.2864935,-0.075416231,2756147000,-0.04654092,72497000,-0.006550188,38.01739382,-0.040254406,4737674000,-0.177316189,91648000,-0.05464898,51.69424319,-0.129758372,-0.032810171,9502580000,-0.041600492,74910000,-0.045999847,126.8532906,0.004611483,2890682000,0.048180259,72975000,0.007830626,39.6119493,0.040036125,5758803000,-0.12409313,96946000,-0.086500952,59.40217234,-0.041151853,0.682492041,0.052835449
2004,3809,41727.35521,87.95,0.866,0.980412371,0.793268906,0.901968352,0.406035665,0.730543657,0.653944862,0.076598795,11805581000,79732000,148.0657829,777.2,3123790000,73958000,42.23735093,204.4,6380477000,99938000,63.8443535,488.3,0.170341951,0.028441704,0.137975975,0.273018467,0.020448148,0.247509213,-0.080173335,-0.058308049,-0.02321915,10087292000,0.124961706,77527000,0.01406111,130.1132767,0.109362833,2453845000,-0.109682829,72476000,-0.000289667,33.85734588,-0.109424859,6936608000,0.464137887,106126000,0.157973987,65.36200366,0.264396181,0.004262992,8966787000,-0.05638395,76452000,0.020584702,117.2864935,-0.075416231,2756147000,-0.04654092,72497000,-0.006550188,38.01739382,-0.040254406,4737674000,-0.177316189,91648000,-0.05464898,51.69424319,-0.129758372,0.64968187,-0.032810171
2005,3828,44093.54835,85.68,1.155,1,0.844606848,0.858162871,0.20781893,0.622984664,0.730543657,-0.107558992,11112187000,81047000,137.1079374,724.8,3068342000,71251000,43.06384472,205.7,6506140000,100208000,64.92635319,499.1,-0.058734424,0.016492751,-0.074006602,-0.017750233,-0.036601855,0.019567842,0.019694922,0.002701675,0.016947461,11805581000,0.170341951,79732000,0.028441704,148.0657829,0.137975975,3123790000,0.273018467,73958000,0.020448148,42.23735093,0.247509213,6380477000,-0.080173335,99938000,-0.058308049,63.8443535,-0.02321915,0.076598795,10087292000,0.124961706,77527000,0.01406111,130.1132767,0.109362833,2453845000,-0.109682829,72476000,-0.000289667,33.85734588,-0.109424859,6936608000,0.464137887,106126000,0.157973987,65.36200366,0.264396181,0.653944862,0.004262992
2006,3783,46247.69294,84.48,1.029,0.953608247,0.891344093,0.835005789,0.294238683,0.67600695,0.622984664,0.053022286,10531123000,77125000,136.5461653,760.7,3196726000,74602000,42.85040616,210.1,5622919000,93600000,60.07392094,436.8,-0.052290697,-0.048391674,-0.004097298,0.04184149,0.047030919,-0.004956329,-0.13575192,-0.065942839,-0.074737483,11112187000,-0.058734424,81047000,0.016492751,137.1079374,-0.074006602,3068342000,-0.017750233,71251000,-0.036601855,43.06384472,0.019567842,6506140000,0.019694922,100208000,0.002701675,64.92635319,0.016947461,-0.107558992,11805581000,0.170341951,79732000,0.028441704,148.0657829,0.137975975,3123790000,0.273018467,73958000,0.020448148,42.23735093,0.247509213,6380477000,-0.080173335,99938000,-0.058308049,63.8443535,-0.02321915,0.730543657,0.076598795
2007,3757,47952.64172,89.61,1.143,0.926804124,0.928335394,0.934002316,0.216049383,0.645503293,0.67600695,-0.030503657,13037875000,92580000,140.8282026,767,2677117000,64146000,41.73474574,207.3,6302253000,101998000,61.78800565,473,0.238032734,0.200388979,0.031359631,-0.162544115,-0.1401571,-0.026036169,0.120815185,0.089722222,0.028532925,10531123000,-0.052290697,77125000,-0.048391674,136.5461653,-0.004097298,3196726000,0.04184149,74602000,0.047030919,42.85040616,-0.004956329,5622919000,-0.13575192,93600000,-0.065942839,60.07392094,-0.074737483,0.053022286,11112187000,-0.058734424,81047000,0.016492751,137.1079374,-0.074006602,3068342000,-0.017750233,71251000,-0.036601855,43.06384472,0.019567842,6506140000,0.019694922,100208000,0.002701675,64.92635319,0.016947461,0.622984664,-0.107558992
2008,3700,48430.48791,91.2,0.211,0.868041237,0.93870295,0.96468545,0.855281207,0.905504889,0.645503293,0.260001596,12043203000,84541000,142.4539927,768.3,2967007000,74681000,39.72907433,199,7712972000,112072000,68.82157898,487.7,-0.07629096,-0.086833009,0.011544492,0.108284397,0.164234715,-0.048057593,0.2238436,0.098766642,0.11383396,13037875000,0.238032734,92580000,0.200388979,140.8282026,0.031359631,2677117000,-0.162544115,64146000,-0.1401571,41.73474574,-0.026036169,6302253000,0.120815185,101998000,0.089722222,61.78800565,0.028532925,-0.030503657,10531123000,-0.052290697,77125000,-0.048391674,136.5461653,-0.004097298,3196726000,0.04184149,74602000,0.047030919,42.85040616,-0.004956329,5622919000,-0.13575192,93600000,-0.065942839,60.07392094,-0.074737483,0.67600695,0.053022286
2009,3645,47003.13171,93.03,0.401,0.811340206,0.907734417,1,0.724965706,0.854810437,0.905504889,-0.050694452,13067156000,85095000,153.5596216,812.9,3360931000,76372000,44.00737181,213.7,6762798000,99682000,67.84372304,506.4,0.085023311,0.006553033,0.077959407,0.13276814,0.022642975,0.107686815,-0.123191683,-0.11055393,-0.014208566,12043203000,-0.07629096,84541000,-0.086833009,142.4539927,0.011544492,2967007000,0.108284397,74681000,0.164234715,39.72907433,-0.048057593,7712972000,0.2238436,112072000,0.098766642,68.82157898,0.11383396,0.260001596,13037875000,0.238032734,92580000,0.200388979,140.8282026,0.031359631,2677117000,-0.162544115,64146000,-0.1401571,41.73474574,-0.026036169,6302253000,0.120815185,101998000,0.089722222,61.78800565,0.028532925,0.645503293,-0.030503657
2010,3730.68,48379.20666,92.23,0.701,0.899670103,0.93759033,0.984561945,0.51920439,0.810344059,0.854810437,-0.044466378,12425330000,87013000,142.7985473,790.2,3331306000,76610000,43.48395771,220.5,6660612000,93766000,71.03440479,540,-0.049117497,0.022539515,-0.070077499,-0.008814522,0.003116325,-0.011893782,-0.015110018,-0.059348729,0.047029874,13067156000,0.085023311,85095000,0.006553033,153.5596216,0.077959407,3360931000,0.13276814,76372000,0.022642975,44.00737181,0.107686815,6762798000,-0.123191683,99682000,-0.11055393,67.84372304,-0.014208566,-0.050694452,12043203000,-0.07629096,84541000,-0.086833009,142.4539927,0.011544492,2967007000,0.108284397,74681000,0.164234715,39.72907433,-0.048057593,7712972000,0.2238436,112072000,0.098766642,68.82157898,0.11383396,0.905504889,0.260001596
2011,3724.24,49664.05542,91.36,0.541,0.893030928,0.96546696,0.967773061,0.628943759,0.851132774,0.810344059,0.040788716,12313956000,89814000,137.1050838,742.7,3097179000,73776000,41.98084743,208,6189823000,91374000,67.74162234,511.8,-0.008963464,0.032190592,-0.039870598,-0.070280845,-0.03699256,-0.034567007,-0.070682544,-0.025510313,-0.046354755,12425330000,-0.049117497,87013000,0.022539515,142.7985473,-0.070077499,3331306000,-0.008814522,76610000,0.003116325,43.48395771,-0.011893782,6660612000,-0.015110018,93766000,-0.059348729,71.03440479,0.047029874,-0.044466378,13067156000,0.085023311,85095000,0.006553033,153.5596216,0.077959407,3360931000,0.13276814,76372000,0.022642975,44.00737181,0.107686815,6762798000,-0.123191683,99682000,-0.11055393,67.84372304,-0.014208566,0.854810437,-0.050694452
2012,3759.04,51255.70165,90.89,1.458,0.928907216,1,0.958703203,1.00E-06,0.030719499,0.851132774,-0.820413275,53691984000,533799000,100.584647,613.6,14199680000,452115000,31.40723046,188.5,26958877000,328400000,82.09158648,529.5,3.360254657,4.943382992,-0.266368218,3.584714025,5.128212427,-0.25186764,3.355355072,2.594020181,0.211833783,12313956000,-0.008963464,89814000,0.032190592,137.1050838,-0.039870598,3097179000,-0.070280845,73776000,-0.03699256,41.98084743,-0.034567007,6189823000,-0.070682544,91374000,-0.025510313,67.74162234,-0.046354755,0.040788716,12425330000,-0.049117497,87013000,0.022539515,142.7985473,-0.070077499,3331306000,-0.008814522,76610000,0.003116325,43.48395771,-0.011893782,6660612000,-0.015110018,93766000,-0.059348729,71.03440479,0.047029874,0.810344059,-0.044466378
2013,3745.33,52733.88203,95.8,0.616,0.914773196,1,1,0.577503429,0.852544387,0.030719499,0.821824888,55425769000,359234000,154.2887616,628.2,13019360000,304677000,42.73167978,170.8,24902213000,339002000,73.45742208,628.4,0.032291319,-0.327023842,0.533919601,-0.083123,-0.326107296,0.360568224,-0.076288934,0.0322838,-0.105177214,53691984000,3.360254657,533799000,4.943382992,100.584647,-0.266368218,14199680000,3.584714025,452115000,5.128212427,31.40723046,-0.25186764,26958877000,3.355355072,328400000,2.594020181,82.09158648,0.211833783,-0.820413275,12313956000,-0.008963464,89814000,0.032190592,137.1050838,-0.039870598,3097179000,-0.070280845,73776000,-0.03699256,41.98084743,-0.034567007,6189823000,-0.070682544,91374000,-0.025510313,67.74162234,-0.046354755,0.851132774,0.040788716
2014,3728.99,54494.89332,98.13,0.509,0.897927835,1,1,0.650891632,0.874354462,0.852544387,0.021810075,71526897000,507218000,141.0180573,857.7,19541912000,501591000,38.95985375,234.1,23719902000,402782000,58.89017384,607.4,0.290498955,0.41194319,-0.086012125,0.500988681,0.646304119,-0.088267675,-0.04747815,0.188140483,-0.198308732,55425769000,0.032291319,359234000,-0.327023842,154.2887616,0.533919601,13019360000,-0.083123,304677000,-0.326107296,42.73167978,0.360568224,24902213000,-0.076288934,339002000,0.0322838,73.45742208,-0.105177214,0.821824888,53691984000,3.360254657,533799000,4.943382992,100.584647,-0.266368218,14199680000,3.584714025,452115000,5.128212427,31.40723046,-0.25186764,26958877000,3.355355072,328400000,2.594020181,82.09158648,0.211833783,0.030719499,-0.820413275
2015,3736.74,56097.92273,97.01,1.533,0.905917526,1,1,1.00E-06,0.030851207,0.874354462,-0.843503255,68081402000,491621000,138.4835107,842,19647562000,498147000,39.44129343,237.5,24975807000,419198000,59.57997653,613.1,-0.04817062,-0.030750092,-0.017973206,0.005406329,-0.006866152,0.012357328,0.05294731,0.040756538,0.011713375,71526897000,0.290498955,507218000,0.41194319,141.0180573,-0.086012125,19541912000,0.500988681,501591000,0.646304119,38.95985375,-0.088267675,23719902000,-0.04747815,402782000,0.188140483,58.89017384,-0.198308732,0.021810075,55425769000,0.032291319,359234000,-0.327023842,154.2887616,0.533919601,13019360000,-0.083123,304677000,-0.326107296,42.73167978,0.360568224,24902213000,-0.076288934,339002000,0.0322838,73.45742208,-0.105177214,0.852544387,0.821824888
2016,3754.29,57126.63516,104.86,2.216,0.924010309,1,1,1.00E-06,0.031004105,0.030851207,0.000152898,75677408000,526276000,143.7979463,872.8,21187576000,497911000,42.55293818,255.3,26545782000,382085000,69.47611657,689,0.111572409,0.070491293,0.038375945,0.078381939,-0.000473756,0.07889307,0.062859831,-0.088533342,0.166098421,68081402000,-0.04817062,491621000,-0.030750092,138.4835107,-0.017973206,19647562000,0.005406329,498147000,-0.006866152,39.44129343,0.012357328,24975807000,0.05294731,419198000,0.040756538,59.57997653,0.011713375,-0.843503255,71526897000,0.290498955,507218000,0.41194319,141.0180573,-0.086012125,19541912000,0.500988681,501591000,0.646304119,38.95985375,-0.088267675,23719902000,-0.04747815,402782000,0.188140483,58.89017384,-0.198308732,0.874354462,0.021810075
2017,3763.31,59036.20386,101.95,1.421,0.933309278,1,1,0.025377229,0.392299221,0.031004105,0.361295116,71804453000,505844000,141.9497968,863.2,22079629000,534677000,41.29526611,247.6,20808557000,329364000,63.17799456,589.5,-0.051177162,-0.038823735,-0.012852406,0.042102645,0.073840506,-0.029555469,-0.216125673,-0.137982386,-0.090651613,75677408000,0.111572409,526276000,0.070491293,143.7979463,0.038375945,21187576000,0.078381939,497911000,-0.000473756,42.55293818,0.07889307,26545782000,0.062859831,382085000,-0.088533342,69.47611657,0.166098421,0.000152898,68081402000,-0.04817062,491621000,-0.030750092,138.4835107,-0.017973206,19647562000,0.005406329,498147000,-0.006866152,39.44129343,0.012357328,24975807000,0.05294731,419198000,0.040756538,59.57997653,0.011713375,0.030851207,-0.843503255
2018,3790.3,61650.84442,103.19,1.267,0.961134021,1,1,0.131001372,0.595682646,0.392299221,0.203383425,73138649000,496103000,147.4263389,895.7,22996359000,530871000,43.31816769,260.2,21755138000,366164000,59.41364525,646.4,0.018580965,-0.019256925,0.038580838,0.041519266,-0.007118316,0.048986283,0.045489988,0.111730487,-0.059583235,71804453000,-0.051177162,505844000,-0.038823735,141.9497968,-0.012852406,22079629000,0.042102645,534677000,0.073840506,41.29526611,-0.029555469,20808557000,-0.216125673,329364000,-0.137982386,63.17799456,-0.090651613,0.361295116,75677408000,0.111572409,526276000,0.070491293,143.7979463,0.038375945,21187576000,0.078381939,497911000,-0.000473756,42.55293818,0.07889307,26545782000,0.062859831,382085000,-0.088533342,69.47611657,0.166098421,0.031004105,0.000152898
2019,3819.76,63767.41691,99.64,1.023,0.991505155,1,1,0.298353909,0.737490919,0.595682646,0.141808273,68708448000,498815000,137.7433477,840.6,17964196000,457168000,39.29451755,237.6,22689503000,355646000,63.79799857,688.4,-0.060572639,0.005466607,-0.065680198,-0.218824336,-0.138834105,-0.092885973,0.042949164,-0.028724834,0.07379371,73138649000,0.018580965,496103000,-0.019256925,147.4263389,0.038580838,22996359000,0.041519266,530871000,-0.007118316,43.31816769,0.048986283,21755138000,0.045489988,366164000,0.111730487,59.41364525,-0.059583235,0.203383425,71804453000,-0.051177162,505844000,-0.038823735,141.9497968,-0.012852406,22079629000,0.042102645,534677000,0.073840506,41.29526611,-0.029555469,20808557000,-0.216125673,329364000,-0.137982386,63.17799456,-0.090651613,0.392299221,0.361295116
2020,3847.34,62910.50457,103.12,1.315,1,1,1,0.098079561,0.559621806,0.737490919,-0.177869114,73492958000,505301000,145.4439196,885.9,21392073000,496241000,43.1082337,258.8,21598367000,341836000,63.18341836,674.3,0.06963496,0.013002817,0.055905218,0.190817168,0.085467487,0.097054663,-0.048089903,-0.038830747,-0.009633221,68708448000,-0.060572639,498815000,0.005466607,137.7433477,-0.065680198,17964196000,-0.218824336,457168000,-0.138834105,39.29451755,-0.092885973,22689503000,0.042949164,355646000,-0.028724834,63.79799857,0.07379371,0.141808273,73138649000,0.018580965,496103000,-0.019256925,147.4263389,0.038580838,22996359000,0.041519266,530871000,-0.007118316,43.31816769,0.048986283,21755138000,0.045489988,366164000,0.111730487,59.41364525,-0.059583235,0.595682646,0.203383425
2021,3875.35,69617.53199,104.86,1.155,1,1,1,0.20781893,0.675182654,0.559621806,0.115560848,74845117000,515684000,145.137559,881.1,22050257000,519040000,42.48277011,255,20542492000,352126000,58.33846975,563.9,0.018398484,0.020548149,-0.002106382,0.030767659,0.045943402,-0.014509144,-0.048886798,0.030102154,-0.076680698,73492958000,0.06963496,505301000,0.013002817,145.4439196,0.055905218,21392073000,0.190817168,496241000,0.085467487,43.1082337,0.097054663,21598367000,-0.048089903,341836000,-0.038830747,63.18341836,-0.009633221,-0.177869114,68708448000,-0.060572639,498815000,0.005466607,137.7433477,-0.065680198,17964196000,-0.218824336,457168000,-0.138834105,39.29451755,-0.092885973,22689503000,0.042949164,355646000,-0.028724834,63.79799857,0.07379371,0.737490919,0.141808273
2022,3937,76147.3134,101.28,1.202,1,1,1,0.17558299,0.647322362,0.675182654,-0.027860291,69778220000,491868000,141.8637114,865.5,21837609000,520789000,41.93177851,252,20135901000,345510000,58.2787792,642.5,-0.067698431,-0.046183322,-0.02255686,-0.009643788,0.003369682,-0.012969766,-0.019792681,-0.018788729,-0.001023177,74845117000,0.018398484,515684000,0.020548149,145.137559,-0.002106382,22050257000,0.030767659,519040000,0.045943402,42.48277011,-0.014509144,20542492000,-0.048886798,352126000,0.030102154,58.33846975,-0.076680698,0.115560848,73492958000,0.06963496,505301000,0.013002817,145.4439196,0.055905218,21392073000,0.190817168,496241000,0.085467487,43.1082337,0.097054663,21598367000,-0.048089903,341836000,-0.038830747,63.18341836,-0.009633221,0.559621806,-0.177869114
2023,3947.33,80706.05299,104.64,1.199,1,1,1,0.177640604,0.649210537,0.647322362,0.001888175,75883923000,526899000,144.0198653,874.1,20747371000,496036000,41.82634123,251.1,20194640000,351358000,57.47596469,619.2,0.087501559,0.071220327,0.01519877,-0.049924788,-0.047529806,-0.002514496,0.002917128,0.016925704,-0.013775417,69778220000,-0.067698431,491868000,-0.046183322,141.8637114,-0.02255686,21837609000,-0.009643788,520789000,0.003369682,41.93177851,-0.012969766,20135901000,-0.019792681,345510000,-0.018788729,58.2787792,-0.001023177,-0.027860291,74845117000,0.018398484,515684000,0.020548149,145.137559,-0.002106382,22050257000,0.030767659,519040000,0.045943402,42.48277011,-0.014509144,20542492000,-0.048886798,352126000,0.030102154,58.33846975,-0.076680698,0.675182654,0.115560848
