country_name,source_desc,statisticcat_desc,sector_desc,short_desc,begin_code,Value,year,util_practice_desc,zip_5,state_fips_code,reference_period_desc,state_alpha,domain_desc,asd_desc,unit_desc,state_name,state_ansi,watershed_desc,county_name,county_ansi,domaincat_desc,class_desc,congr_district_code,county_code,CV (%),prodn_practice_desc,region_desc,country_code,week_ending,asd_code,freq_desc,load_time,end_code,location_desc,agg_level_desc,group_desc,watershed_code,commodity_desc
UNITED STATES,SURVEY,YIELD,CROPS,"CORN, GRAIN - YIELD, MEASURED IN BU / ACRE",00,54.7,1960,GRAIN,,99,YEAR,US,TOTAL,,BU / ACRE,US TOTAL,,,,,NOT SPECIFIED,ALL CLASSES,,,,ALL PRODUCTION PRACTICES,,9000,,,ANNUAL,2012-01-01 00:00:00.000,00,US TOTAL,NATIONAL,FIELD CROPS,00000000,CORN
UNITED STATES,SURVEY,YIELD,CROPS,"CORN, GRAIN - YIELD, MEASURED IN BU / ACRE",00,62.4,1961,GRAIN,,99,YEAR,US,TOTAL,,BU / ACRE,US TOTAL,,,,,NOT SPECIFIED,ALL CLASSES,,,,ALL PRODUCTION PRACTICES,,9000,,,ANNUAL,2012-01-01 00:00:00.000,00,US TOTAL,NATIONAL,FIELD CROPS,00000000,CORN
UNITED STATES,SURVEY,YIELD,CROPS,"CORN, GRAIN - YIELD, MEASURED IN BU / ACRE",00,64.7,1962,GRAIN,,99,YEAR,US,TOTAL,,BU / ACRE,US TOTAL,,,,,NOT SPECIFIED,ALL CLASSES,,,,ALL PRODUCTION PRACTICES,,9000,,,ANNUAL,2012-01-01 00:00:00.000,00,US TOTAL,NATIONAL,FIELD CROPS,00000000,CORN
UNITED STATES,SURVEY,YIELD,CROPS,"CORN, GRAIN - YIELD, MEASURED IN BU / ACRE",00,67.9,1963,GRAIN,,99,YEAR,US,TOTAL,,BU / ACRE,US TOTAL,,,,,NOT SPECIFIED,ALL CLASSES,,,,ALL PRODUCTION PRACTICES,,9000,,,ANNUAL,2012-01-01 00:00:00.000,00,US TOTAL,NATIONAL,FIELD CROPS,00000000,CORN
UNITED STATES,SURVEY,YIELD,CROPS,"CORN, GRAIN - YIELD, MEASURED IN BU / ACRE",00,62.9,1964,GRAIN,,99,YEAR,US,TOTAL,,BU / ACRE,US TOTAL,,,,,NOT SPECIFIED,ALL CLASSES,,,,ALL PRODUCTION PRACTICES,,9000,,,ANNUAL,2012-01-01 00:00:00.000,00,US TOTAL,NATIONAL,FIELD CROPS,00000000,CORN
UNITED STATES,SURVEY,YIELD,CROPS,"CORN, GRAIN - YIELD, MEASURED IN BU / ACRE",00,74.1,1965,GRAIN,,99,YEAR,US,TOTAL,,BU / ACRE,US TOTAL,,,,,NOT SPECIFIED,ALL CLASSES,,,,ALL PRODUCTION PRACTICES,,9000,,,ANNUAL,2012-01-01 00:00:00.000,00,US TOTAL,NATIONAL,FIELD CROPS,00000000,CORN
UNITED STATES,SURVEY,YIELD,CROPS,"CORN, GRAIN - YIELD, MEASURED IN BU / ACRE",00,73.1,1966,GRAIN,,99,YEAR,US,TOTAL,,BU / ACRE,US TOTAL,,,,,NOT SPECIFIED,ALL CLASSES,,,,ALL PRODUCTION PRACTICES,,9000,,,ANNUAL,2012-01-01 00:00:00.000,00,US TOTAL,NATIONAL,FIELD CROPS,00000000,CORN
UNITED STATES,SURVEY,YIELD,CROPS,"CORN, GRAIN - YIELD, MEASURED IN BU / ACRE",00,80.1,1967,GRAIN,,99,YEAR,US,TOTAL,,BU / ACRE,US TOTAL,,,,,NOT SPECIFIED,ALL CLASSES,,,,ALL PRODUCTION PRACTICES,,9000,,,ANNUAL,2012-01-01 00:00:00.000,00,US TOTAL,NATIONAL,FIELD CROPS,00000000,CORN
UNITED STATES,SURVEY,YIELD,CROPS,"CORN, GRAIN - YIELD, MEASURED IN BU / ACRE",00,79.5,1968,GRAIN,,99,YEAR,US,TOTAL,,BU / ACRE,US TOTAL,,,,,NOT SPECIFIED,ALL CLASSES,,,,ALL PRODUCTION PRACTICES,,9000,,,ANNUAL,2012-01-01 00:00:00.000,00,US TOTAL,NATIONAL,FIELD CROPS,00000000,CORN
UNITED STATES,SURVEY,YIELD,CROPS,"CORN, GRAIN - YIELD, MEASURED IN BU / ACRE",00,85.9,1969,GRAIN,,99,YEAR,US,TOTAL,,BU / ACRE,US TOTAL,,,,,NOT SPECIFIED,ALL CLASSES,,,,ALL PRODUCTION PRACTICES,,9000,,,ANNUAL,2012-01-01 00:00:00.000,00,US TOTAL,NATIONAL,FIELD CROPS,00000000,CORN
UNITED STATES,SURVEY,YIELD,CROPS,"CORN, GRAIN - YIELD, MEASURED IN BU / ACRE",00,72.4,1970,GRAIN,,99,YEAR,US,TOTAL,,BU / ACRE,US TOTAL,,,,,NOT SPECIFIED,ALL CLASSES,,,,ALL PRODUCTION PRACTICES,,9000,,,ANNUAL,2012-01-01 00:00:00.000,00,US TOTAL,NATIONAL,FIELD CROPS,00000000,CORN
UNITED STATES,SURVEY,YIELD,CROPS,"CORN, GRAIN - YIELD, MEASURED IN BU / ACRE",00,88.1,1971,GRAIN,,99,YEAR,US,TOTAL,,BU / ACRE,US TOTAL,,,,,NOT SPECIFIED,ALL CLASSES,,,,ALL PRODUCTION PRACTICES,,9000,,,ANNUAL,2012-01-01 00:00:00.000,00,US TOTAL,NATIONAL,FIELD CROPS,00000000,CORN
UNITED STATES,SURVEY,YIELD,CROPS,"CORN, GRAIN - YIELD, MEASURED IN BU / ACRE",00,97,1972,GRAIN,,99,YEAR,US,TOTAL,,BU / ACRE,US TOTAL,,,,,NOT SPECIFIED,ALL CLASSES,,,,ALL PRODUCTION PRACTICES,,9000,,,ANNUAL,2012-01-01 00:00:00.000,00,US TOTAL,NATIONAL,FIELD CROPS,00000000,CORN
UNITED STATES,SURVEY,YIELD,CROPS,"CORN, GRAIN - YIELD, MEASURED IN BU / ACRE",00,91.3,1973,GRAIN,,99,YEAR,US,TOTAL,,BU / ACRE,US TOTAL,,,,,NOT SPECIFIED,ALL CLASSES,,,,ALL PRODUCTION PRACTICES,,9000,,,ANNUAL,2012-01-01 00:00:00.000,00,US TOTAL,NATIONAL,FIELD CROPS,00000000,CORN
UNITED STATES,SURVEY,YIELD,CROPS,"CORN, GRAIN - YIELD, MEASURED IN BU / ACRE",00,71.9,1974,GRAIN,,99,YEAR,US,TOTAL,,BU / ACRE,US TOTAL,,,,,NOT SPECIFIED,ALL CLASSES,,,,ALL PRODUCTION PRACTICES,,9000,,,ANNUAL,2012-01-01 00:00:00.000,00,US TOTAL,NATIONAL,FIELD CROPS,00000000,CORN
UNITED STATES,SURVEY,YIELD,CROPS,"CORN, GRAIN - YIELD, MEASURED IN BU / ACRE",00,77.8,1974,GRAIN,,99,YEAR - AUG FORECAST,US,TOTAL,,BU / ACRE,US TOTAL,,,,,NOT SPECIFIED,ALL CLASSES,,,,ALL PRODUCTION PRACTICES,,9000,,,ANNUAL,2012-01-01 00:00:00.000,00,US TOTAL,NATIONAL,FIELD CROPS,00000000,CORN
UNITED STATES,SURVEY,YIELD,CROPS,"CORN, GRAIN - YIELD, MEASURED IN BU / ACRE",00,72.5,1974,GRAIN,,99,YEAR - NOV FORECAST,US,TOTAL,,BU / ACRE,US TOTAL,,,,,NOT SPECIFIED,ALL CLASSES,,,,ALL PRODUCTION PRACTICES,,9000,,,ANNUAL,2012-01-01 00:00:00.000,00,US TOTAL,NATIONAL,FIELD CROPS,00000000,CORN
UNITED STATES,SURVEY,YIELD,CROPS,"CORN, GRAIN - YIELD, MEASURED IN BU / ACRE",00,74,1974,GRAIN,,99,YEAR - OCT FORECAST,US,TOTAL,,BU / ACRE,US TOTAL,,,,,NOT SPECIFIED,ALL CLASSES,,,,ALL PRODUCTION PRACTICES,,9000,,,ANNUAL,2012-01-01 00:00:00.000,00,US TOTAL,NATIONAL,FIELD CROPS,00000000,CORN
UNITED STATES,SURVEY,YIELD,CROPS,"CORN, GRAIN - YIELD, MEASURED IN BU / ACRE",00,78.3,1974,GRAIN,,99,YEAR - SEP FORECAST,US,TOTAL,,BU / ACRE,US TOTAL,,,,,NOT SPECIFIED,ALL CLASSES,,,,ALL PRODUCTION PRACTICES,,9000,,,ANNUAL,2012-01-01 00:00:00.000,00,US TOTAL,NATIONAL,FIELD CROPS,00000000,CORN
UNITED STATES,SURVEY,YIELD,CROPS,"CORN, GRAIN - YIELD, MEASURED IN BU / ACRE",00,86.4,1975,GRAIN,,99,YEAR,US,TOTAL,,BU / ACRE,US TOTAL,,,,,NOT SPECIFIED,ALL CLASSES,,,,ALL PRODUCTION PRACTICES,,9000,,,ANNUAL,2012-01-01 00:00:00.000,00,US TOTAL,NATIONAL,FIELD CROPS,00000000,CORN
UNITED STATES,SURVEY,YIELD,CROPS,"CORN, GRAIN - YIELD, MEASURED IN BU / ACRE",00,87.4,1975,GRAIN,,99,YEAR - AUG FORECAST,US,TOTAL,,BU / ACRE,US TOTAL,,,,,NOT SPECIFIED,ALL CLASSES,,,,ALL PRODUCTION PRACTICES,,9000,,,ANNUAL,2012-01-01 00:00:00.000,00,US TOTAL,NATIONAL,FIELD CROPS,00000000,CORN
UNITED STATES,SURVEY,YIELD,CROPS,"CORN, GRAIN - YIELD, MEASURED IN BU / ACRE",00,87.2,1975,GRAIN,,99,YEAR - NOV FORECAST,US,TOTAL,,BU / ACRE,US TOTAL,,,,,NOT SPECIFIED,ALL CLASSES,,,,ALL PRODUCTION PRACTICES,,9000,,,ANNUAL,2012-01-01 00:00:00.000,00,US TOTAL,NATIONAL,FIELD CROPS,00000000,CORN
UNITED STATES,SURVEY,YIELD,CROPS,"CORN, GRAIN - YIELD, MEASURED IN BU / ACRE",00,86.2,1975,GRAIN,,99,YEAR - OCT FORECAST,US,TOTAL,,BU / ACRE,US TOTAL,,,,,NOT SPECIFIED,ALL CLASSES,,,,ALL PRODUCTION PRACTICES,,9000,,,ANNUAL,2012-01-01 00:00:00.000,00,US TOTAL,NATIONAL,FIELD CROPS,00000000,CORN
UNITED STATES,SURVEY,YIELD,CROPS,"CORN, GRAIN - YIELD, MEASURED IN BU / ACRE",00,85.1,1975,GRAIN,,99,YEAR - SEP FORECAST,US,TOTAL,,BU / ACRE,US TOTAL,,,,,NOT SPECIFIED,ALL CLASSES,,,,ALL PRODUCTION PRACTICES,,9000,,,ANNUAL,2012-01-01 00:00:00.000,00,US TOTAL,NATIONAL,FIELD CROPS,00000000,CORN
UNITED STATES,SURVEY,YIELD,CROPS,"CORN, GRAIN - YIELD, MEASURED IN BU / ACRE",00,88,1976,GRAIN,,99,YEAR,US,TOTAL,,BU / ACRE,US TOTAL,,,,,NOT SPECIFIED,ALL CLASSES,,,,ALL PRODUCTION PRACTICES,,9000,,,ANNUAL,2012-01-01 00:00:00.000,00,US TOTAL,NATIONAL,FIELD CROPS,00000000,CORN
UNITED STATES,SURVEY,YIELD,CROPS,"CORN, GRAIN - YIELD, MEASURED IN BU / ACRE",00,85.7,1976,GRAIN,,99,YEAR - AUG FORECAST,US,TOTAL,,BU / ACRE,US TOTAL,,,,,NOT SPECIFIED,ALL CLASSES,,,,ALL PRODUCTION PRACTICES,,9000,,,ANNUAL,2012-01-01 00:00:00.000,00,US TOTAL,NATIONAL,FIELD CROPS,00000000,CORN
UNITED STATES,SURVEY,YIELD,CROPS,"CORN, GRAIN - YIELD, MEASURED IN BU / ACRE",00,85.5,1976,GRAIN,,99,YEAR - NOV FORECAST,US,TOTAL,,BU / ACRE,US TOTAL,,,,,NOT SPECIFIED,ALL CLASSES,,,,ALL PRODUCTION PRACTICES,,9000,,,ANNUAL,2012-01-01 00:00:00.000,00,US TOTAL,NATIONAL,FIELD CROPS,00000000,CORN
UNITED STATES,SURVEY,YIELD,CROPS,"CORN, GRAIN - YIELD, MEASURED IN BU / ACRE",00,82.7,1976,GRAIN,,99,YEAR - OCT FORECAST,US,TOTAL,,BU / ACRE,US TOTAL,,,,,NOT SPECIFIED,ALL CLASSES,,,,ALL PRODUCTION PRACTICES,,9000,,,ANNUAL,2012-01-01 00:00:00.000,00,US TOTAL,NATIONAL,FIELD CROPS,00000000,CORN
UNITED STATES,SURVEY,YIELD,CROPS,"CORN, GRAIN - YIELD, MEASURED IN BU / ACRE",00,82.8,1976,GRAIN,,99,YEAR - SEP FORECAST,US,TOTAL,,BU / ACRE,US TOTAL,,,,,NOT SPECIFIED,ALL CLASSES,,,,ALL PRODUCTION PRACTICES,,9000,,,ANNUAL,2012-01-01 00:00:00.000,00,US TOTAL,NATIONAL,FIELD CROPS,00000000,CORN
UNITED STATES,SURVEY,YIELD,CROPS,"CORN, GRAIN - YIELD, MEASURED IN BU / ACRE",00,90.8,1977,GRAIN,,99,YEAR,US,TOTAL,,BU / ACRE,US TOTAL,,,,,NOT SPECIFIED,ALL CLASSES,,,,ALL PRODUCTION PRACTICES,,9000,,,ANNUAL,2012-01-01 00:00:00.000,00,US TOTAL,NATIONAL,FIELD CROPS,00000000,CORN
UNITED STATES,SURVEY,YIELD,CROPS,"CORN, GRAIN - YIELD, MEASURED IN BU / ACRE",00,87.3,1977,GRAIN,,99,YEAR - AUG FORECAST,US,TOTAL,,BU / ACRE,US TOTAL,,,,,NOT SPECIFIED,ALL CLASSES,,,,ALL PRODUCTION PRACTICES,,9000,,,ANNUAL,2012-01-01 00:00:00.000,00,US TOTAL,NATIONAL,FIELD CROPS,00000000,CORN
UNITED STATES,SURVEY,YIELD,CROPS,"CORN, GRAIN - YIELD, MEASURED IN BU / ACRE",00,91.5,1977,GRAIN,,99,YEAR - NOV FORECAST,US,TOTAL,,BU / ACRE,US TOTAL,,,,,NOT SPECIFIED,ALL CLASSES,,,,ALL PRODUCTION PRACTICES,,9000,,,ANNUAL,2012-01-01 00:00:00.000,00,US TOTAL,NATIONAL,FIELD CROPS,00000000,CORN
UNITED STATES,SURVEY,YIELD,CROPS,"CORN, GRAIN - YIELD, MEASURED IN BU / ACRE",00,90.8,1977,GRAIN,,99,YEAR - OCT FORECAST,US,TOTAL,,BU / ACRE,US TOTAL,,,,,NOT SPECIFIED,ALL CLASSES,,,,ALL PRODUCTION PRACTICES,,9000,,,ANNUAL,2012-01-01 00:00:00.000,00,US TOTAL,NATIONAL,FIELD CROPS,00000000,CORN
UNITED STATES,SURVEY,YIELD,CROPS,"CORN, GRAIN - YIELD, MEASURED IN BU / ACRE",00,89.7,1977,GRAIN,,99,YEAR - SEP FORECAST,US,TOTAL,,BU / ACRE,US TOTAL,,,,,NOT SPECIFIED,ALL CLASSES,,,,ALL PRODUCTION PRACTICES,,9000,,,ANNUAL,2012-01-01 00:00:00.000,00,US TOTAL,NATIONAL,FIELD CROPS,00000000,CORN
UNITED STATES,SURVEY,YIELD,CROPS,"CORN, GRAIN - YIELD, MEASURED IN BU / ACRE",00,101,1978,GRAIN,,99,YEAR,US,TOTAL,,BU / ACRE,US TOTAL,,,,,NOT SPECIFIED,ALL CLASSES,,,,ALL PRODUCTION PRACTICES,,9000,,,ANNUAL,2012-01-01 00:00:00.000,00,US TOTAL,NATIONAL,FIELD CROPS,00000000,CORN
UNITED STATES,SURVEY,YIELD,CROPS,"CORN, GRAIN - YIELD, MEASURED IN BU / ACRE",00,96.1,1978,GRAIN,,99,YEAR - AUG FORECAST,US,TOTAL,,BU / ACRE,US TOTAL,,,,,NOT SPECIFIED,ALL CLASSES,,,,ALL PRODUCTION PRACTICES,,9000,,,ANNUAL,2012-01-01 00:00:00.000,00,US TOTAL,NATIONAL,FIELD CROPS,00000000,CORN
UNITED STATES,SURVEY,YIELD,CROPS,"CORN, GRAIN - YIELD, MEASURED IN BU / ACRE",00,101.2,1978,GRAIN,,99,YEAR - NOV FORECAST,US,TOTAL,,BU / ACRE,US TOTAL,,,,,NOT SPECIFIED,ALL CLASSES,,,,ALL PRODUCTION PRACTICES,,9000,,,ANNUAL,2012-01-01 00:00:00.000,00,US TOTAL,NATIONAL,FIELD CROPS,00000000,CORN
UNITED STATES,SURVEY,YIELD,CROPS,"CORN, GRAIN - YIELD, MEASURED IN BU / ACRE",00,100.7,1978,GRAIN,,99,YEAR - OCT FORECAST,US,TOTAL,,BU / ACRE,US TOTAL,,,,,NOT SPECIFIED,ALL CLASSES,,,,ALL PRODUCTION PRACTICES,,9000,,,ANNUAL,2012-01-01 00:00:00.000,00,US TOTAL,NATIONAL,FIELD CROPS,00000000,CORN
UNITED STATES,SURVEY,YIELD,CROPS,"CORN, GRAIN - YIELD, MEASURED IN BU / ACRE",00,100.3,1978,GRAIN,,99,YEAR - SEP FORECAST,US,TOTAL,,BU / ACRE,US TOTAL,,,,,NOT SPECIFIED,ALL CLASSES,,,,ALL PRODUCTION PRACTICES,,9000,,,ANNUAL,2012-01-01 00:00:00.000,00,US TOTAL,NATIONAL,FIELD CROPS,00000000,CORN
UNITED STATES,SURVEY,YIELD,CROPS,"CORN, GRAIN - YIELD, MEASURED IN BU / ACRE",00,109.5,1979,GRAIN,,99,YEAR,US,TOTAL,,BU / ACRE,US TOTAL,,,,,NOT SPECIFIED,ALL CLASSES,,,,ALL PRODUCTION PRACTICES,,9000,,,ANNUAL,2012-01-01 00:00:00.000,00,US TOTAL,NATIONAL,FIELD CROPS,00000000,CORN
UNITED STATES,SURVEY,YIELD,CROPS,"CORN, GRAIN - YIELD, MEASURED IN BU / ACRE",00,102.1,1979,GRAIN,,99,YEAR - AUG FORECAST,US,TOTAL,,BU / ACRE,US TOTAL,,,,,NOT SPECIFIED,ALL CLASSES,,,,ALL PRODUCTION PRACTICES,,9000,,,ANNUAL,2012-01-01 00:00:00.000,00,US TOTAL,NATIONAL,FIELD CROPS,00000000,CORN
UNITED STATES,SURVEY,YIELD,CROPS,"CORN, GRAIN - YIELD, MEASURED IN BU / ACRE",00,109.2,1979,GRAIN,,99,YEAR - NOV FORECAST,US,TOTAL,,BU / ACRE,US TOTAL,,,,,NOT SPECIFIED,ALL CLASSES,,,,ALL PRODUCTION PRACTICES,,9000,,,ANNUAL,2012-01-01 00:00:00.000,00,US TOTAL,NATIONAL,FIELD CROPS,00000000,CORN
UNITED STATES,SURVEY,YIELD,CROPS,"CORN, GRAIN - YIELD, MEASURED IN BU / ACRE",00,106.4,1979,GRAIN,,99,YEAR - OCT FORECAST,US,TOTAL,,BU / ACRE,US TOTAL,,,,,NOT SPECIFIED,ALL CLASSES,,,,ALL PRODUCTION PRACTICES,,9000,,,ANNUAL,2012-01-01 00:00:00.000,00,US TOTAL,NATIONAL,FIELD CROPS,00000000,CORN
UNITED STATES,SURVEY,YIELD,CROPS,"CORN, GRAIN - YIELD, MEASURED IN BU / ACRE",00,104.6,1979,GRAIN,,99,YEAR - SEP FORECAST,US,TOTAL,,BU / ACRE,US TOTAL,,,,,NOT SPECIFIED,ALL CLASSES,,,,ALL PRODUCTION PRACTICES,,9000,,,ANNUAL,2012-01-01 00:00:00.000,00,US TOTAL,NATIONAL,FIELD CROPS,00000000,CORN
UNITED STATES,SURVEY,YIELD,CROPS,"CORN, GRAIN - YIELD, MEASURED IN BU / ACRE",00,91,1980,GRAIN,,99,YEAR,US,TOTAL,,BU / ACRE,US TOTAL,,,,,NOT SPECIFIED,ALL CLASSES,,,,ALL PRODUCTION PRACTICES,,9000,,,ANNUAL,2012-01-01 00:00:00.000,00,US TOTAL,NATIONAL,FIELD CROPS,00000000,CORN
UNITED STATES,SURVEY,YIELD,CROPS,"CORN, GRAIN - YIELD, MEASURED IN BU / ACRE",00,93,1980,GRAIN,,99,YEAR - AUG FORECAST,US,TOTAL,,BU / ACRE,US TOTAL,,,,,NOT SPECIFIED,ALL CLASSES,,,,ALL PRODUCTION PRACTICES,,9000,,,ANNUAL,2012-01-01 00:00:00.000,00,US TOTAL,NATIONAL,FIELD CROPS,00000000,CORN
UNITED STATES,SURVEY,YIELD,CROPS,"CORN, GRAIN - YIELD, MEASURED IN BU / ACRE",00,90.8,1980,GRAIN,,99,YEAR - NOV FORECAST,US,TOTAL,,BU / ACRE,US TOTAL,,,,,NOT SPECIFIED,ALL CLASSES,,,,ALL PRODUCTION PRACTICES,,9000,,,ANNUAL,2012-01-01 00:00:00.000,00,US TOTAL,NATIONAL,FIELD CROPS,00000000,CORN
UNITED STATES,SURVEY,YIELD,CROPS,"CORN, GRAIN - YIELD, MEASURED IN BU / ACRE",00,90.8,1980,GRAIN,,99,YEAR - OCT FORECAST,US,TOTAL,,BU / ACRE,US TOTAL,,,,,NOT SPECIFIED,ALL CLASSES,,,,ALL PRODUCTION PRACTICES,,9000,,,ANNUAL,2012-01-01 00:00:00.000,00,US TOTAL,NATIONAL,FIELD CROPS,00000000,CORN
UNITED STATES,SURVEY,YIELD,CROPS,"CORN, GRAIN - YIELD, MEASURED IN BU / ACRE",00,91.8,1980,GRAIN,,99,YEAR - SEP FORECAST,US,TOTAL,,BU / ACRE,US TOTAL,,,,,NOT SPECIFIED,ALL CLASSES,,,,ALL PRODUCTION PRACTICES,,9000,,,ANNUAL,2012-01-01 00:00:00.000,00,US TOTAL,NATIONAL,FIELD CROPS,00000000,CORN
UNITED STATES,SURVEY,YIELD,CROPS,"CORN, GRAIN - YIELD, MEASURED IN BU / ACRE",00,108.9,1981,GRAIN,,99,YEAR,US,TOTAL,,BU / ACRE,US TOTAL,,,,,NOT SPECIFIED,ALL CLASSES,,,,ALL PRODUCTION PRACTICES,,9000,,,ANNUAL,2012-01-01 00:00:00.000,00,US TOTAL,NATIONAL,FIELD CROPS,00000000,CORN
UNITED STATES,SURVEY,YIELD,CROPS,"CORN, GRAIN - YIELD, MEASURED IN BU / ACRE",00,104.3,1981,GRAIN,,99,YEAR - AUG FORECAST,US,TOTAL,,BU / ACRE,US TOTAL,,,,,NOT SPECIFIED,ALL CLASSES,,,,ALL PRODUCTION PRACTICES,,9000,,,ANNUAL,2012-01-01 00:00:00.000,00,US TOTAL,NATIONAL,FIELD CROPS,00000000,CORN
UNITED STATES,SURVEY,YIELD,CROPS,"CORN, GRAIN - YIELD, MEASURED IN BU / ACRE",00,109.2,1981,GRAIN,,99,YEAR - NOV FORECAST,US,TOTAL,,BU / ACRE,US TOTAL,,,,,NOT SPECIFIED,ALL CLASSES,,,,ALL PRODUCTION PRACTICES,,9000,,,ANNUAL,2012-01-01 00:00:00.000,00,US TOTAL,NATIONAL,FIELD CROPS,00000000,CORN
UNITED STATES,SURVEY,YIELD,CROPS,"CORN, GRAIN - YIELD, MEASURED IN BU / ACRE",00,109,1981,GRAIN,,99,YEAR - OCT FORECAST,US,TOTAL,,BU / ACRE,US TOTAL,,,,,NOT SPECIFIED,ALL CLASSES,,,,ALL PRODUCTION PRACTICES,,9000,,,ANNUAL,2012-01-01 00:00:00.000,00,US TOTAL,NATIONAL,FIELD CROPS,00000000,CORN
UNITED STATES,SURVEY,YIELD,CROPS,"CORN, GRAIN - YIELD, MEASURED IN BU / ACRE",00,107.1,1981,GRAIN,,99,YEAR - SEP FORECAST,US,TOTAL,,BU / ACRE,US TOTAL,,,,,NOT SPECIFIED,ALL CLASSES,,,,ALL PRODUCTION PRACTICES,,9000,,,ANNUAL,2012-01-01 00:00:00.000,00,US TOTAL,NATIONAL,FIELD CROPS,00000000,CORN
UNITED STATES,SURVEY,YIELD,CROPS,"CORN, GRAIN - YIELD, MEASURED IN BU / ACRE",00,113.2,1982,GRAIN,,99,YEAR,US,TOTAL,,BU / ACRE,US TOTAL,,,,,NOT SPECIFIED,ALL CLASSES,,,,ALL PRODUCTION PRACTICES,,9000,,,ANNUAL,2012-01-01 00:00:00.000,00,US TOTAL,NATIONAL,FIELD CROPS,00000000,CORN
UNITED STATES,SURVEY,YIELD,CROPS,"CORN, GRAIN - YIELD, MEASURED IN BU / ACRE",00,113.9,1982,GRAIN,,99,YEAR - AUG FORECAST,US,TOTAL,,BU / ACRE,US TOTAL,,,,,NOT SPECIFIED,ALL CLASSES,,,,ALL PRODUCTION PRACTICES,,9000,,,ANNUAL,2012-01-01 00:00:00.000,00,US TOTAL,NATIONAL,FIELD CROPS,00000000,CORN
UNITED STATES,SURVEY,YIELD,CROPS,"CORN, GRAIN - YIELD, MEASURED IN BU / ACRE",00,114.4,1982,GRAIN,,99,YEAR - NOV FORECAST,US,TOTAL,,BU / ACRE,US TOTAL,,,,,NOT SPECIFIED,ALL CLASSES,,,,ALL PRODUCTION PRACTICES,,9000,,,ANNUAL,2012-01-01 00:00:00.000,00,US TOTAL,NATIONAL,FIELD CROPS,00000000,CORN
UNITED STATES,SURVEY,YIELD,CROPS,"CORN, GRAIN - YIELD, MEASURED IN BU / ACRE",00,114.2,1982,GRAIN,,99,YEAR - OCT FORECAST,US,TOTAL,,BU / ACRE,US TOTAL,,,,,NOT SPECIFIED,ALL CLASSES,,,,ALL PRODUCTION PRACTICES,,9000,,,ANNUAL,2012-01-01 00:00:00.000,00,US TOTAL,NATIONAL,FIELD CROPS,00000000,CORN
UNITED STATES,SURVEY,YIELD,CROPS,"CORN, GRAIN - YIELD, MEASURED IN BU / ACRE",00,113.9,1982,GRAIN,,99,YEAR - SEP FORECAST,US,TOTAL,,BU / ACRE,US TOTAL,,,,,NOT SPECIFIED,ALL CLASSES,,,,ALL PRODUCTION PRACTICES,,9000,,,ANNUAL,2012-01-01 00:00:00.000,00,US TOTAL,NATIONAL,FIELD CROPS,00000000,CORN
UNITED STATES,SURVEY,YIELD,CROPS,"CORN, GRAIN - YIELD, MEASURED IN BU / ACRE",00,81.1,1983,GRAIN,,99,YEAR,US,TOTAL,,BU / ACRE,US TOTAL,,,,,NOT SPECIFIED,ALL CLASSES,,,,ALL PRODUCTION PRACTICES,,9000,,,ANNUAL,2012-01-01 00:00:00.000,00,US TOTAL,NATIONAL,FIELD CROPS,00000000,CORN
UNITED STATES,SURVEY,YIELD,CROPS,"CORN, GRAIN - YIELD, MEASURED IN BU / ACRE",00,99.9,1983,GRAIN,,99,YEAR - AUG FORECAST,US,TOTAL,,BU / ACRE,US TOTAL,,,,,NOT SPECIFIED,ALL CLASSES,,,,ALL PRODUCTION PRACTICES,,9000,,,ANNUAL,2012-01-01 00:00:00.000,00,US TOTAL,NATIONAL,FIELD CROPS,00000000,CORN
UNITED STATES,SURVEY,YIELD,CROPS,"CORN, GRAIN - YIELD, MEASURED IN BU / ACRE",00,80.5,1983,GRAIN,,99,YEAR - NOV FORECAST,US,TOTAL,,BU / ACRE,US TOTAL,,,,,NOT SPECIFIED,ALL CLASSES,,,,ALL PRODUCTION PRACTICES,,9000,,,ANNUAL,2012-01-01 00:00:00.000,00,US TOTAL,NATIONAL,FIELD CROPS,00000000,CORN
UNITED STATES,SURVEY,YIELD,CROPS,"CORN, GRAIN - YIELD, MEASURED IN BU / ACRE",00,82.9,1983,GRAIN,,99,YEAR - OCT FORECAST,US,TOTAL,,BU / ACRE,US TOTAL,,,,,NOT SPECIFIED,ALL CLASSES,,,,ALL PRODUCTION PRACTICES,,9000,,,ANNUAL,2012-01-01 00:00:00.000,00,US TOTAL,NATIONAL,FIELD CROPS,00000000,CORN
UNITED STATES,SURVEY,YIELD,CROPS,"CORN, GRAIN - YIELD, MEASURED IN BU / ACRE",00,85.1,1983,GRAIN,,99,YEAR - SEP FORECAST,US,TOTAL,,BU / ACRE,US TOTAL,,,,,NOT SPECIFIED,ALL CLASSES,,,,ALL PRODUCTION PRACTICES,,9000,,,ANNUAL,2012-01-01 00:00:00.000,00,US TOTAL,NATIONAL,FIELD CROPS,00000000,CORN
UNITED STATES,SURVEY,YIELD,CROPS,"CORN, GRAIN - YIELD, MEASURED IN BU / ACRE",00,106.7,1984,GRAIN,,99,YEAR,US,TOTAL,,BU / ACRE,US TOTAL,,,,,NOT SPECIFIED,ALL CLASSES,,,,ALL PRODUCTION PRACTICES,,9000,,,ANNUAL,2012-01-01 00:00:00.000,00,US TOTAL,NATIONAL,FIELD CROPS,00000000,CORN
UNITED STATES,SURVEY,YIELD,CROPS,"CORN, GRAIN - YIELD, MEASURED IN BU / ACRE",00,107.9,1984,GRAIN,,99,YEAR - AUG FORECAST,US,TOTAL,,BU / ACRE,US TOTAL,,,,,NOT SPECIFIED,ALL CLASSES,,,,ALL PRODUCTION PRACTICES,,9000,,,ANNUAL,2012-01-01 00:00:00.000,00,US TOTAL,NATIONAL,FIELD CROPS,00000000,CORN
UNITED STATES,SURVEY,YIELD,CROPS,"CORN, GRAIN - YIELD, MEASURED IN BU / ACRE",00,105.9,1984,GRAIN,,99,YEAR - NOV FORECAST,US,TOTAL,,BU / ACRE,US TOTAL,,,,,NOT SPECIFIED,ALL CLASSES,,,,ALL PRODUCTION PRACTICES,,9000,,,ANNUAL,2012-01-01 00:00:00.000,00,US TOTAL,NATIONAL,FIELD CROPS,00000000,CORN
UNITED STATES,SURVEY,YIELD,CROPS,"CORN, GRAIN - YIELD, MEASURED IN BU / ACRE",00,105.5,1984,GRAIN,,99,YEAR - OCT FORECAST,US,TOTAL,,BU / ACRE,US TOTAL,,,,,NOT SPECIFIED,ALL CLASSES,,,,ALL PRODUCTION PRACTICES,,9000,,,ANNUAL,2012-01-01 00:00:00.000,00,US TOTAL,NATIONAL,FIELD CROPS,00000000,CORN
UNITED STATES,SURVEY,YIELD,CROPS,"CORN, GRAIN - YIELD, MEASURED IN BU / ACRE",00,106.3,1984,GRAIN,,99,YEAR - SEP FORECAST,US,TOTAL,,BU / ACRE,US TOTAL,,,,,NOT SPECIFIED,ALL CLASSES,,,,ALL PRODUCTION PRACTICES,,9000,,,ANNUAL,2012-01-01 00:00:00.000,00,US TOTAL,NATIONAL,FIELD CROPS,00000000,CORN
UNITED STATES,SURVEY,YIELD,CROPS,"CORN, GRAIN - YIELD, MEASURED IN BU / ACRE",00,118,1985,GRAIN,,99,YEAR,US,TOTAL,,BU / ACRE,US TOTAL,,,,,NOT SPECIFIED,ALL CLASSES,,,,ALL PRODUCTION PRACTICES,,9000,,,ANNUAL,2012-01-01 00:00:00.000,00,US TOTAL,NATIONAL,FIELD CROPS,00000000,CORN
UNITED STATES,SURVEY,YIELD,CROPS,"CORN, GRAIN - YIELD, MEASURED IN BU / ACRE",00,110.6,1985,GRAIN,,99,YEAR - AUG FORECAST,US,TOTAL,,BU / ACRE,US TOTAL,,,,,NOT SPECIFIED,ALL CLASSES,,,,ALL PRODUCTION PRACTICES,,9000,,,ANNUAL,2012-01-01 00:00:00.000,00,US TOTAL,NATIONAL,FIELD CROPS,00000000,CORN
UNITED STATES,SURVEY,YIELD,CROPS,"CORN, GRAIN - YIELD, MEASURED IN BU / ACRE",00,116.6,1985,GRAIN,,99,YEAR - NOV FORECAST,US,TOTAL,,BU / ACRE,US TOTAL,,,,,NOT SPECIFIED,ALL CLASSES,,,,ALL PRODUCTION PRACTICES,,9000,,,ANNUAL,2012-01-01 00:00:00.000,00,US TOTAL,NATIONAL,FIELD CROPS,00000000,CORN
UNITED STATES,SURVEY,YIELD,CROPS,"CORN, GRAIN - YIELD, MEASURED IN BU / ACRE",00,115.1,1985,GRAIN,,99,YEAR - OCT FORECAST,US,TOTAL,,BU / ACRE,US TOTAL,,,,,NOT SPECIFIED,ALL CLASSES,,,,ALL PRODUCTION PRACTICES,,9000,,,ANNUAL,2012-01-01 00:00:00.000,00,US TOTAL,NATIONAL,FIELD CROPS,00000000,CORN
UNITED STATES,SURVEY,YIELD,CROPS,"CORN, GRAIN - YIELD, MEASURED IN BU / ACRE",00,113.3,1985,GRAIN,,99,YEAR - SEP FORECAST,US,TOTAL,,BU / ACRE,US TOTAL,,,,,NOT SPECIFIED,ALL CLASSES,,,,ALL PRODUCTION PRACTICES,,9000,,,ANNUAL,2012-01-01 00:00:00.000,00,US TOTAL,NATIONAL,FIELD CROPS,00000000,CORN
UNITED STATES,SURVEY,YIELD,CROPS,"CORN, GRAIN - YIELD, MEASURED IN BU / ACRE",00,119.4,1986,GRAIN,,99,YEAR,US,TOTAL,,BU / ACRE,US TOTAL,,,,,NOT SPECIFIED,ALL CLASSES,,,,ALL PRODUCTION PRACTICES,,9000,,,ANNUAL,2012-01-01 00:00:00.000,00,US TOTAL,NATIONAL,FIELD CROPS,00000000,CORN
UNITED STATES,SURVEY,YIELD,CROPS,"CORN, GRAIN - YIELD, MEASURED IN BU / ACRE",00,120.4,1986,GRAIN,,99,YEAR - AUG FORECAST,US,TOTAL,,BU / ACRE,US TOTAL,,,,,NOT SPECIFIED,ALL CLASSES,,,,ALL PRODUCTION PRACTICES,,9000,,,ANNUAL,2012-01-01 00:00:00.000,00,US TOTAL,NATIONAL,FIELD CROPS,00000000,CORN
UNITED STATES,SURVEY,YIELD,CROPS,"CORN, GRAIN - YIELD, MEASURED IN BU / ACRE",00,119.3,1986,GRAIN,,99,YEAR - NOV FORECAST,US,TOTAL,,BU / ACRE,US TOTAL,,,,,NOT SPECIFIED,ALL CLASSES,,,,ALL PRODUCTION PRACTICES,,9000,,,ANNUAL,2012-01-01 00:00:00.000,00,US TOTAL,NATIONAL,FIELD CROPS,00000000,CORN
UNITED STATES,SURVEY,YIELD,CROPS,"CORN, GRAIN - YIELD, MEASURED IN BU / ACRE",00,119.2,1986,GRAIN,,99,YEAR - OCT FORECAST,US,TOTAL,,BU / ACRE,US TOTAL,,,,,NOT SPECIFIED,ALL CLASSES,,,,ALL PRODUCTION PRACTICES,,9000,,,ANNUAL,2012-01-01 00:00:00.000,00,US TOTAL,NATIONAL,FIELD CROPS,00000000,CORN
UNITED STATES,SURVEY,YIELD,CROPS,"CORN, GRAIN - YIELD, MEASURED IN BU / ACRE",00,119.7,1986,GRAIN,,99,YEAR - SEP FORECAST,US,TOTAL,,BU / ACRE,US TOTAL,,,,,NOT SPECIFIED,ALL CLASSES,,,,ALL PRODUCTION PRACTICES,,9000,,,ANNUAL,2012-01-01 00:00:00.000,00,US TOTAL,NATIONAL,FIELD CROPS,00000000,CORN
UNITED STATES,SURVEY,YIELD,CROPS,"CORN, GRAIN - YIELD, MEASURED IN BU / ACRE",00,119.8,1987,GRAIN,,99,YEAR,US,TOTAL,,BU / ACRE,US TOTAL,,,,,NOT SPECIFIED,ALL CLASSES,,,,ALL PRODUCTION PRACTICES,,9000,,,ANNUAL,2012-01-01 00:00:00.000,00,US TOTAL,NATIONAL,FIELD CROPS,00000000,CORN
UNITED STATES,SURVEY,YIELD,CROPS,"CORN, GRAIN - YIELD, MEASURED IN BU / ACRE",00,121.4,1987,GRAIN,,99,YEAR - AUG FORECAST,US,TOTAL,,BU / ACRE,US TOTAL,,,,,NOT SPECIFIED,ALL CLASSES,,,,ALL PRODUCTION PRACTICES,,9000,,,ANNUAL,2012-01-01 00:00:00.000,00,US TOTAL,NATIONAL,FIELD CROPS,00000000,CORN
UNITED STATES,SURVEY,YIELD,CROPS,"CORN, GRAIN - YIELD, MEASURED IN BU / ACRE",00,120.3,1987,GRAIN,,99,YEAR - NOV FORECAST,US,TOTAL,,BU / ACRE,US TOTAL,,,,,NOT SPECIFIED,ALL CLASSES,,,,ALL PRODUCTION PRACTICES,,9000,,,ANNUAL,2012-01-01 00:00:00.000,00,US TOTAL,NATIONAL,FIELD CROPS,00000000,CORN
UNITED STATES,SURVEY,YIELD,CROPS,"CORN, GRAIN - YIELD, MEASURED IN BU / ACRE",00,119.3,1987,GRAIN,,99,YEAR - OCT FORECAST,US,TOTAL,,BU / ACRE,US TOTAL,,,,,NOT SPECIFIED,ALL CLASSES,,,,ALL PRODUCTION PRACTICES,,9000,,,ANNUAL,2012-01-01 00:00:00.000,00,US TOTAL,NATIONAL,FIELD CROPS,00000000,CORN
UNITED STATES,SURVEY,YIELD,CROPS,"CORN, GRAIN - YIELD, MEASURED IN BU / ACRE",00,119.9,1987,GRAIN,,99,YEAR - SEP FORECAST,US,TOTAL,,BU / ACRE,US TOTAL,,,,,NOT SPECIFIED,ALL CLASSES,,,,ALL PRODUCTION PRACTICES,,9000,,,ANNUAL,2012-01-01 00:00:00.000,00,US TOTAL,NATIONAL,FIELD CROPS,00000000,CORN
UNITED STATES,SURVEY,YIELD,CROPS,"CORN, GRAIN - YIELD, MEASURED IN BU / ACRE",00,84.6,1988,GRAIN,,99,YEAR,US,TOTAL,,BU / ACRE,US TOTAL,,,,,NOT SPECIFIED,ALL CLASSES,,,,ALL PRODUCTION PRACTICES,,9000,,,ANNUAL,2012-01-01 00:00:00.000,00,US TOTAL,NATIONAL,FIELD CROPS,00000000,CORN
UNITED STATES,SURVEY,YIELD,CROPS,"CORN, GRAIN - YIELD, MEASURED IN BU / ACRE",00,78.5,1988,GRAIN,,99,YEAR - AUG FORECAST,US,TOTAL,,BU / ACRE,US TOTAL,,,,,NOT SPECIFIED,ALL CLASSES,,,,ALL PRODUCTION PRACTICES,,9000,,,ANNUAL,2012-01-01 00:00:00.000,00,US TOTAL,NATIONAL,FIELD CROPS,00000000,CORN
UNITED STATES,SURVEY,YIELD,CROPS,"CORN, GRAIN - YIELD, MEASURED IN BU / ACRE",00,82.3,1988,GRAIN,,99,YEAR - NOV FORECAST,US,TOTAL,,BU / ACRE,US TOTAL,,,,,NOT SPECIFIED,ALL CLASSES,,,,ALL PRODUCTION PRACTICES,,9000,,,ANNUAL,2012-01-01 00:00:00.000,00,US TOTAL,NATIONAL,FIELD CROPS,00000000,CORN
UNITED STATES,SURVEY,YIELD,CROPS,"CORN, GRAIN - YIELD, MEASURED IN BU / ACRE",00,80.2,1988,GRAIN,,99,YEAR - OCT FORECAST,US,TOTAL,,BU / ACRE,US TOTAL,,,,,NOT SPECIFIED,ALL CLASSES,,,,ALL PRODUCTION PRACTICES,,9000,,,ANNUAL,2012-01-01 00:00:00.000,00,US TOTAL,NATIONAL,FIELD CROPS,00000000,CORN
UNITED STATES,SURVEY,YIELD,CROPS,"CORN, GRAIN - YIELD, MEASURED IN BU / ACRE",00,78.5,1988,GRAIN,,99,YEAR - SEP FORECAST,US,TOTAL,,BU / ACRE,US TOTAL,,,,,NOT SPECIFIED,ALL CLASSES,,,,ALL PRODUCTION PRACTICES,,9000,,,ANNUAL,2012-01-01 00:00:00.000,00,US TOTAL,NATIONAL,FIELD CROPS,00000000,CORN
UNITED STATES,SURVEY,YIELD,CROPS,"CORN, GRAIN - YIELD, MEASURED IN BU / ACRE",00,116.3,1989,GRAIN,,99,YEAR,US,TOTAL,,BU / ACRE,US TOTAL,,,,,NOT SPECIFIED,ALL CLASSES,,,,ALL PRODUCTION PRACTICES,,9000,,,ANNUAL,2012-01-01 00:00:00.000,00,US TOTAL,NATIONAL,FIELD CROPS,00000000,CORN
UNITED STATES,SURVEY,YIELD,CROPS,"CORN, GRAIN - YIELD, MEASURED IN BU / ACRE",00,112.8,1989,GRAIN,,99,YEAR - AUG FORECAST,US,TOTAL,,BU / ACRE,US TOTAL,,,,,NOT SPECIFIED,ALL CLASSES,,,,ALL PRODUCTION PRACTICES,,9000,,,ANNUAL,2012-01-01 00:00:00.000,00,US TOTAL,NATIONAL,FIELD CROPS,00000000,CORN
UNITED STATES,SURVEY,YIELD,CROPS,"CORN, GRAIN - YIELD, MEASURED IN BU / ACRE",00,116.6,1989,GRAIN,,99,YEAR - NOV FORECAST,US,TOTAL,,BU / ACRE,US TOTAL,,,,,NOT SPECIFIED,ALL CLASSES,,,,ALL PRODUCTION PRACTICES,,9000,,,ANNUAL,2012-01-01 00:00:00.000,00,US TOTAL,NATIONAL,FIELD CROPS,00000000,CORN
UNITED STATES,SURVEY,YIELD,CROPS,"CORN, GRAIN - YIELD, MEASURED IN BU / ACRE",00,114.4,1989,GRAIN,,99,YEAR - OCT FORECAST,US,TOTAL,,BU / ACRE,US TOTAL,,,,,NOT SPECIFIED,ALL CLASSES,,,,ALL PRODUCTION PRACTICES,,9000,,,ANNUAL,2012-01-01 00:00:00.000,00,US TOTAL,NATIONAL,FIELD CROPS,00000000,CORN
UNITED STATES,SURVEY,YIELD,CROPS,"CORN, GRAIN - YIELD, MEASURED IN BU / ACRE",00,112.4,1989,GRAIN,,99,YEAR - SEP FORECAST,US,TOTAL,,BU / ACRE,US TOTAL,,,,,NOT SPECIFIED,ALL CLASSES,,,,ALL PRODUCTION PRACTICES,,9000,,,ANNUAL,2012-01-01 00:00:00.000,00,US TOTAL,NATIONAL,FIELD CROPS,00000000,CORN
UNITED STATES,SURVEY,YIELD,CROPS,"CORN, GRAIN - YIELD, MEASURED IN BU / ACRE",00,118.5,1990,GRAIN,,99,YEAR,US,TOTAL,,BU / ACRE,US TOTAL,,,,,NOT SPECIFIED,ALL CLASSES,,,,ALL PRODUCTION PRACTICES,,9000,,,ANNUAL,2012-01-01 00:00:00.000,00,US TOTAL,NATIONAL,FIELD CROPS,00000000,CORN
UNITED STATES,SURVEY,YIELD,CROPS,"CORN, GRAIN - YIELD, MEASURED IN BU / ACRE",00,117.7,1990,GRAIN,,99,YEAR - AUG FORECAST,US,TOTAL,,BU / ACRE,US TOTAL,,,,,NOT SPECIFIED,ALL CLASSES,,,,ALL PRODUCTION PRACTICES,,9000,,,ANNUAL,2012-01-01 00:00:00.000,00,US TOTAL,NATIONAL,FIELD CROPS,00000000,CORN
UNITED STATES,SURVEY,YIELD,CROPS,"CORN, GRAIN - YIELD, MEASURED IN BU / ACRE",00,119,1990,GRAIN,,99,YEAR - NOV FORECAST,US,TOTAL,,BU / ACRE,US TOTAL,,,,,NOT SPECIFIED,ALL CLASSES,,,,ALL PRODUCTION PRACTICES,,9000,,,ANNUAL,2012-01-01 00:00:00.000,00,US TOTAL,NATIONAL,FIELD CROPS,00000000,CORN
UNITED STATES,SURVEY,YIELD,CROPS,"CORN, GRAIN - YIELD, MEASURED IN BU / ACRE",00,120.3,1990,GRAIN,,99,YEAR - OCT FORECAST,US,TOTAL,,BU / ACRE,US TOTAL,,,,,NOT SPECIFIED,ALL CLASSES,,,,ALL PRODUCTION PRACTICES,,9000,,,ANNUAL,2012-01-01 00:00:00.000,00,US TOTAL,NATIONAL,FIELD CROPS,00000000,CORN
UNITED STATES,SURVEY,YIELD,CROPS,"CORN, GRAIN - YIELD, MEASURED IN BU / ACRE",00,121.7,1990,GRAIN,,99,YEAR - SEP FORECAST,US,TOTAL,,BU / ACRE,US TOTAL,,,,,NOT SPECIFIED,ALL CLASSES,,,,ALL PRODUCTION PRACTICES,,9000,,,ANNUAL,2012-01-01 00:00:00.000,00,US TOTAL,NATIONAL,FIELD CROPS,00000000,CORN
UNITED STATES,SURVEY,YIELD,CROPS,"CORN, GRAIN - YIELD, MEASURED IN BU / ACRE",00,108.6,1991,GRAIN,,99,YEAR,US,TOTAL,,BU / ACRE,US TOTAL,,,,,NOT SPECIFIED,ALL CLASSES,,,,ALL PRODUCTION PRACTICES,,9000,,,ANNUAL,2012-01-01 00:00:00.000,00,US TOTAL,NATIONAL,FIELD CROPS,00000000,CORN
UNITED STATES,SURVEY,YIELD,CROPS,"CORN, GRAIN - YIELD, MEASURED IN BU / ACRE",00,107.8,1991,GRAIN,,99,YEAR - AUG FORECAST,US,TOTAL,,BU / ACRE,US TOTAL,,,,,NOT SPECIFIED,ALL CLASSES,,,,ALL PRODUCTION PRACTICES,,9000,,,ANNUAL,2012-01-01 00:00:00.000,00,US TOTAL,NATIONAL,FIELD CROPS,00000000,CORN
UNITED STATES,SURVEY,YIELD,CROPS,"CORN, GRAIN - YIELD, MEASURED IN BU / ACRE",00,108.9,1991,GRAIN,,99,YEAR - NOV FORECAST,US,TOTAL,,BU / ACRE,US TOTAL,,,,,NOT SPECIFIED,ALL CLASSES,,,,ALL PRODUCTION PRACTICES,,9000,,,ANNUAL,2012-01-01 00:00:00.000,00,US TOTAL,NATIONAL,FIELD CROPS,00000000,CORN
UNITED STATES,SURVEY,YIELD,CROPS,"CORN, GRAIN - YIELD, MEASURED IN BU / ACRE",00,108.8,1991,GRAIN,,99,YEAR - OCT FORECAST,US,TOTAL,,BU / ACRE,US TOTAL,,,,,NOT SPECIFIED,ALL CLASSES,,,,ALL PRODUCTION PRACTICES,,9000,,,ANNUAL,2012-01-01 00:00:00.000,00,US TOTAL,NATIONAL,FIELD CROPS,00000000,CORN
UNITED STATES,SURVEY,YIELD,CROPS,"CORN, GRAIN - YIELD, MEASURED IN BU / ACRE",00,106.1,1991,GRAIN,,99,YEAR - SEP FORECAST,US,TOTAL,,BU / ACRE,US TOTAL,,,,,NOT SPECIFIED,ALL CLASSES,,,,ALL PRODUCTION PRACTICES,,9000,,,ANNUAL,2012-01-01 00:00:00.000,00,US TOTAL,NATIONAL,FIELD CROPS,00000000,CORN
UNITED STATES,SURVEY,YIELD,CROPS,"CORN, GRAIN - YIELD, MEASURED IN BU / ACRE",00,131.5,1992,GRAIN,,99,YEAR,US,TOTAL,,BU / ACRE,US TOTAL,,,,,NOT SPECIFIED,ALL CLASSES,,,,ALL PRODUCTION PRACTICES,,9000,,,ANNUAL,2012-01-01 00:00:00.000,00,US TOTAL,NATIONAL,FIELD CROPS,00000000,CORN
UNITED STATES,SURVEY,YIELD,CROPS,"CORN, GRAIN - YIELD, MEASURED IN BU / ACRE",00,121.3,1992,GRAIN,,99,YEAR - AUG FORECAST,US,TOTAL,,BU / ACRE,US TOTAL,,,,,NOT SPECIFIED,ALL CLASSES,,,,ALL PRODUCTION PRACTICES,,9000,,,ANNUAL,2012-01-01 00:00:00.000,00,US TOTAL,NATIONAL,FIELD CROPS,00000000,CORN
UNITED STATES,SURVEY,YIELD,CROPS,"CORN, GRAIN - YIELD, MEASURED IN BU / ACRE",00,129.3,1992,GRAIN,,99,YEAR - NOV FORECAST,US,TOTAL,,BU / ACRE,US TOTAL,,,,,NOT SPECIFIED,ALL CLASSES,,,,ALL PRODUCTION PRACTICES,,9000,,,ANNUAL,2012-01-01 00:00:00.000,00,US TOTAL,NATIONAL,FIELD CROPS,00000000,CORN
UNITED STATES,SURVEY,YIELD,CROPS,"CORN, GRAIN - YIELD, MEASURED IN BU / ACRE",00,123.8,1992,GRAIN,,99,YEAR - OCT FORECAST,US,TOTAL,,BU / ACRE,US TOTAL,,,,,NOT SPECIFIED,ALL CLASSES,,,,ALL PRODUCTION PRACTICES,,9000,,,ANNUAL,2012-01-01 00:00:00.000,00,US TOTAL,NATIONAL,FIELD CROPS,00000000,CORN
UNITED STATES,SURVEY,YIELD,CROPS,"CORN, GRAIN - YIELD, MEASURED IN BU / ACRE",00,121.4,1992,GRAIN,,99,YEAR - SEP FORECAST,US,TOTAL,,BU / ACRE,US TOTAL,,,,,NOT SPECIFIED,ALL CLASSES,,,,ALL PRODUCTION PRACTICES,,9000,,,ANNUAL,2012-01-01 00:00:00.000,00,US TOTAL,NATIONAL,FIELD CROPS,00000000,CORN
UNITED STATES,SURVEY,YIELD,CROPS,"CORN, GRAIN - YIELD, MEASURED IN BU / ACRE",00,100.7,1993,GRAIN,,99,YEAR,US,TOTAL,,BU / ACRE,US TOTAL,,,,,NOT SPECIFIED,ALL CLASSES,,,,ALL PRODUCTION PRACTICES,,9000,,,ANNUAL,2012-01-01 00:00:00.000,00,US TOTAL,NATIONAL,FIELD CROPS,00000000,CORN
UNITED STATES,SURVEY,YIELD,CROPS,"CORN, GRAIN - YIELD, MEASURED IN BU / ACRE",00,116,1993,GRAIN,,99,YEAR - AUG FORECAST,US,TOTAL,,BU / ACRE,US TOTAL,,,,,NOT SPECIFIED,ALL CLASSES,,,,ALL PRODUCTION PRACTICES,,9000,,,ANNUAL,2012-01-01 00:00:00.000,00,US TOTAL,NATIONAL,FIELD CROPS,00000000,CORN
UNITED STATES,SURVEY,YIELD,CROPS,"CORN, GRAIN - YIELD, MEASURED IN BU / ACRE",00,103.1,1993,GRAIN,,99,YEAR - NOV FORECAST,US,TOTAL,,BU / ACRE,US TOTAL,,,,,NOT SPECIFIED,ALL CLASSES,,,,ALL PRODUCTION PRACTICES,,9000,,,ANNUAL,2012-01-01 00:00:00.000,00,US TOTAL,NATIONAL,FIELD CROPS,00000000,CORN
UNITED STATES,SURVEY,YIELD,CROPS,"CORN, GRAIN - YIELD, MEASURED IN BU / ACRE",00,110.3,1993,GRAIN,,99,YEAR - OCT FORECAST,US,TOTAL,,BU / ACRE,US TOTAL,,,,,NOT SPECIFIED,ALL CLASSES,,,,ALL PRODUCTION PRACTICES,,9000,,,ANNUAL,2012-01-01 00:00:00.000,00,US TOTAL,NATIONAL,FIELD CROPS,00000000,CORN
UNITED STATES,SURVEY,YIELD,CROPS,"CORN, GRAIN - YIELD, MEASURED IN BU / ACRE",00,113.1,1993,GRAIN,,99,YEAR - SEP FORECAST,US,TOTAL,,BU / ACRE,US TOTAL,,,,,NOT SPECIFIED,ALL CLASSES,,,,ALL PRODUCTION PRACTICES,,9000,,,ANNUAL,2012-01-01 00:00:00.000,00,US TOTAL,NATIONAL,FIELD CROPS,00000000,CORN
UNITED STATES,SURVEY,YIELD,CROPS,"CORN, GRAIN - YIELD, MEASURED IN BU / ACRE",00,138.6,1994,GRAIN,,99,YEAR,US,TOTAL,,BU / ACRE,US TOTAL,,,,,NOT SPECIFIED,ALL CLASSES,,,,ALL PRODUCTION PRACTICES,,9000,,,ANNUAL,2012-01-01 00:00:00.000,00,US TOTAL,NATIONAL,FIELD CROPS,00000000,CORN
UNITED STATES,SURVEY,YIELD,CROPS,"CORN, GRAIN - YIELD, MEASURED IN BU / ACRE",00,128.4,1994,GRAIN,,99,YEAR - AUG FORECAST,US,TOTAL,,BU / ACRE,US TOTAL,,,,,NOT SPECIFIED,ALL CLASSES,,,,ALL PRODUCTION PRACTICES,,9000,,,ANNUAL,2012-01-01 00:00:00.000,00,US TOTAL,NATIONAL,FIELD CROPS,00000000,CORN
UNITED STATES,SURVEY,YIELD,CROPS,"CORN, GRAIN - YIELD, MEASURED IN BU / ACRE",00,138.4,1994,GRAIN,,99,YEAR - NOV FORECAST,US,TOTAL,,BU / ACRE,US TOTAL,,,,,NOT SPECIFIED,ALL CLASSES,,,,ALL PRODUCTION PRACTICES,,9000,,,ANNUAL,2012-01-01 00:00:00.000,00,US TOTAL,NATIONAL,FIELD CROPS,00000000,CORN
UNITED STATES,SURVEY,YIELD,CROPS,"CORN, GRAIN - YIELD, MEASURED IN BU / ACRE",00,133.8,1994,GRAIN,,99,YEAR - OCT FORECAST,US,TOTAL,,BU / ACRE,US TOTAL,,,,,NOT SPECIFIED,ALL CLASSES,,,,ALL PRODUCTION PRACTICES,,9000,,,ANNUAL,2012-01-01 00:00:00.000,00,US TOTAL,NATIONAL,FIELD CROPS,00000000,CORN
UNITED STATES,SURVEY,YIELD,CROPS,"CORN, GRAIN - YIELD, MEASURED IN BU / ACRE",00,129,1994,GRAIN,,99,YEAR - SEP FORECAST,US,TOTAL,,BU / ACRE,US TOTAL,,,,,NOT SPECIFIED,ALL CLASSES,,,,ALL PRODUCTION PRACTICES,,9000,,,ANNUAL,2012-01-01 00:00:00.000,00,US TOTAL,NATIONAL,FIELD CROPS,00000000,CORN
UNITED STATES,SURVEY,YIELD,CROPS,"CORN, GRAIN - YIELD, MEASURED IN BU / ACRE",00,113.5,1995,GRAIN,,99,YEAR,US,TOTAL,,BU / ACRE,US TOTAL,,,,,NOT SPECIFIED,ALL CLASSES,,,,ALL PRODUCTION PRACTICES,,9000,,,ANNUAL,2012-01-01 00:00:00.000,00,US TOTAL,NATIONAL,FIELD CROPS,00000000,CORN
UNITED STATES,SURVEY,YIELD,CROPS,"CORN, GRAIN - YIELD, MEASURED IN BU / ACRE",00,125.6,1995,GRAIN,,99,YEAR - AUG FORECAST,US,TOTAL,,BU / ACRE,US TOTAL,,,,,NOT SPECIFIED,ALL CLASSES,,,,ALL PRODUCTION PRACTICES,,9000,,,ANNUAL,2012-01-01 00:00:00.000,00,US TOTAL,NATIONAL,FIELD CROPS,00000000,CORN
UNITED STATES,SURVEY,YIELD,CROPS,"CORN, GRAIN - YIELD, MEASURED IN BU / ACRE",00,113.7,1995,GRAIN,,99,YEAR - NOV FORECAST,US,TOTAL,,BU / ACRE,US TOTAL,,,,,NOT SPECIFIED,ALL CLASSES,,,,ALL PRODUCTION PRACTICES,,9000,,,ANNUAL,2012-01-01 00:00:00.000,00,US TOTAL,NATIONAL,FIELD CROPS,00000000,CORN
UNITED STATES,SURVEY,YIELD,CROPS,"CORN, GRAIN - YIELD, MEASURED IN BU / ACRE",00,116.6,1995,GRAIN,,99,YEAR - OCT FORECAST,US,TOTAL,,BU / ACRE,US TOTAL,,,,,NOT SPECIFIED,ALL CLASSES,,,,ALL PRODUCTION PRACTICES,,9000,,,ANNUAL,2012-01-01 00:00:00.000,00,US TOTAL,NATIONAL,FIELD CROPS,00000000,CORN
UNITED STATES,SURVEY,YIELD,CROPS,"CORN, GRAIN - YIELD, MEASURED IN BU / ACRE",00,121.1,1995,GRAIN,,99,YEAR - SEP FORECAST,US,TOTAL,,BU / ACRE,US TOTAL,,,,,NOT SPECIFIED,ALL CLASSES,,,,ALL PRODUCTION PRACTICES,,9000,,,ANNUAL,2012-01-01 00:00:00.000,00,US TOTAL,NATIONAL,FIELD CROPS,00000000,CORN
UNITED STATES,SURVEY,YIELD,CROPS,"CORN, GRAIN - YIELD, MEASURED IN BU / ACRE",00,127.1,1996,GRAIN,,99,YEAR,US,TOTAL,,BU / ACRE,US TOTAL,,,,,NOT SPECIFIED,ALL CLASSES,,,,ALL PRODUCTION PRACTICES,,9000,,,ANNUAL,2012-01-01 00:00:00.000,00,US TOTAL,NATIONAL,FIELD CROPS,00000000,CORN
UNITED STATES,SURVEY,YIELD,CROPS,"CORN, GRAIN - YIELD, MEASURED IN BU / ACRE",00,118.7,1996,GRAIN,,99,YEAR - AUG FORECAST,US,TOTAL,,BU / ACRE,US TOTAL,,,,,NOT SPECIFIED,ALL CLASSES,,,,ALL PRODUCTION PRACTICES,,9000,,,ANNUAL,2012-01-01 00:00:00.000,00,US TOTAL,NATIONAL,FIELD CROPS,00000000,CORN
UNITED STATES,SURVEY,YIELD,CROPS,"CORN, GRAIN - YIELD, MEASURED IN BU / ACRE",00,126.5,1996,GRAIN,,99,YEAR - NOV FORECAST,US,TOTAL,,BU / ACRE,US TOTAL,,,,,NOT SPECIFIED,ALL CLASSES,,,,ALL PRODUCTION PRACTICES,,9000,,,ANNUAL,2012-01-01 00:00:00.000,00,US TOTAL,NATIONAL,FIELD CROPS,00000000,CORN
UNITED STATES,SURVEY,YIELD,CROPS,"CORN, GRAIN - YIELD, MEASURED IN BU / ACRE",00,123,1996,GRAIN,,99,YEAR - OCT FORECAST,US,TOTAL,,BU / ACRE,US TOTAL,,,,,NOT SPECIFIED,ALL CLASSES,,,,ALL PRODUCTION PRACTICES,,9000,,,ANNUAL,2012-01-01 00:00:00.000,00,US TOTAL,NATIONAL,FIELD CROPS,00000000,CORN
UNITED STATES,SURVEY,YIELD,CROPS,"CORN, GRAIN - YIELD, MEASURED IN BU / ACRE",00,120.2,1996,GRAIN,,99,YEAR - SEP FORECAST,US,TOTAL,,BU / ACRE,US TOTAL,,,,,NOT SPECIFIED,ALL CLASSES,,,,ALL PRODUCTION PRACTICES,,9000,,,ANNUAL,2012-01-01 00:00:00.000,00,US TOTAL,NATIONAL,FIELD CROPS,00000000,CORN
UNITED STATES,SURVEY,YIELD,CROPS,"CORN, GRAIN - YIELD, MEASURED IN BU / ACRE",00,126.7,1997,GRAIN,,99,YEAR,US,TOTAL,,BU / ACRE,US TOTAL,,,,,NOT SPECIFIED,ALL CLASSES,,,,ALL PRODUCTION PRACTICES,,9000,,,ANNUAL,2012-01-01 00:00:00.000,00,US TOTAL,NATIONAL,FIELD CROPS,00000000,CORN
UNITED STATES,SURVEY,YIELD,CROPS,"CORN, GRAIN - YIELD, MEASURED IN BU / ACRE",00,125.3,1997,GRAIN,,99,YEAR - AUG FORECAST,US,TOTAL,,BU / ACRE,US TOTAL,,,,,NOT SPECIFIED,ALL CLASSES,,,,ALL PRODUCTION PRACTICES,,9000,,,ANNUAL,2012-01-01 00:00:00.000,00,US TOTAL,NATIONAL,FIELD CROPS,00000000,CORN
UNITED STATES,SURVEY,YIELD,CROPS,"CORN, GRAIN - YIELD, MEASURED IN BU / ACRE",00,126.4,1997,GRAIN,,99,YEAR - NOV FORECAST,US,TOTAL,,BU / ACRE,US TOTAL,,,,,NOT SPECIFIED,ALL CLASSES,,,,ALL PRODUCTION PRACTICES,,9000,,,ANNUAL,2012-01-01 00:00:00.000,00,US TOTAL,NATIONAL,FIELD CROPS,00000000,CORN
UNITED STATES,SURVEY,YIELD,CROPS,"CORN, GRAIN - YIELD, MEASURED IN BU / ACRE",00,125.8,1997,GRAIN,,99,YEAR - OCT FORECAST,US,TOTAL,,BU / ACRE,US TOTAL,,,,,NOT SPECIFIED,ALL CLASSES,,,,ALL PRODUCTION PRACTICES,,9000,,,ANNUAL,2012-01-01 00:00:00.000,00,US TOTAL,NATIONAL,FIELD CROPS,00000000,CORN
UNITED STATES,SURVEY,YIELD,CROPS,"CORN, GRAIN - YIELD, MEASURED IN BU / ACRE",00,125.2,1997,GRAIN,,99,YEAR - SEP FORECAST,US,TOTAL,,BU / ACRE,US TOTAL,,,,,NOT SPECIFIED,ALL CLASSES,,,,ALL PRODUCTION PRACTICES,,9000,,,ANNUAL,2012-01-01 00:00:00.000,00,US TOTAL,NATIONAL,FIELD CROPS,00000000,CORN
UNITED STATES,SURVEY,YIELD,CROPS,"CORN, GRAIN - YIELD, MEASURED IN BU / ACRE",00,134.4,1998,GRAIN,,99,YEAR,US,TOTAL,,BU / ACRE,US TOTAL,,,,,NOT SPECIFIED,ALL CLASSES,,,,ALL PRODUCTION PRACTICES,,9000,,,ANNUAL,2012-01-01 00:00:00.000,00,US TOTAL,NATIONAL,FIELD CROPS,00000000,CORN
UNITED STATES,SURVEY,YIELD,CROPS,"CORN, GRAIN - YIELD, MEASURED IN BU / ACRE",00,130,1998,GRAIN,,99,YEAR - AUG FORECAST,US,TOTAL,,BU / ACRE,US TOTAL,,,,,NOT SPECIFIED,ALL CLASSES,,,,ALL PRODUCTION PRACTICES,,9000,,,ANNUAL,2012-01-01 00:00:00.000,00,US TOTAL,NATIONAL,FIELD CROPS,00000000,CORN
UNITED STATES,SURVEY,YIELD,CROPS,"CORN, GRAIN - YIELD, MEASURED IN BU / ACRE",00,133,1998,GRAIN,,99,YEAR - NOV FORECAST,US,TOTAL,,BU / ACRE,US TOTAL,,,,,NOT SPECIFIED,ALL CLASSES,,,,ALL PRODUCTION PRACTICES,,9000,,,ANNUAL,2012-01-01 00:00:00.000,00,US TOTAL,NATIONAL,FIELD CROPS,00000000,CORN
UNITED STATES,SURVEY,YIELD,CROPS,"CORN, GRAIN - YIELD, MEASURED IN BU / ACRE",00,132,1998,GRAIN,,99,YEAR - OCT FORECAST,US,TOTAL,,BU / ACRE,US TOTAL,,,,,NOT SPECIFIED,ALL CLASSES,,,,ALL PRODUCTION PRACTICES,,9000,,,ANNUAL,2012-01-01 00:00:00.000,00,US TOTAL,NATIONAL,FIELD CROPS,00000000,CORN
UNITED STATES,SURVEY,YIELD,CROPS,"CORN, GRAIN - YIELD, MEASURED IN BU / ACRE",00,132,1998,GRAIN,,99,YEAR - SEP FORECAST,US,TOTAL,,BU / ACRE,US TOTAL,,,,,NOT SPECIFIED,ALL CLASSES,,,,ALL PRODUCTION PRACTICES,,9000,,,ANNUAL,2012-01-01 00:00:00.000,00,US TOTAL,NATIONAL,FIELD CROPS,00000000,CORN
UNITED STATES,SURVEY,YIELD,CROPS,"CORN, GRAIN - YIELD, MEASURED IN BU / ACRE",00,133.8,1999,GRAIN,,99,YEAR,US,TOTAL,,BU / ACRE,US TOTAL,,,,,NOT SPECIFIED,ALL CLASSES,,,,ALL PRODUCTION PRACTICES,,9000,,,ANNUAL,2012-01-01 00:00:00.000,00,US TOTAL,NATIONAL,FIELD CROPS,00000000,CORN
UNITED STATES,SURVEY,YIELD,CROPS,"CORN, GRAIN - YIELD, MEASURED IN BU / ACRE",00,134.7,1999,GRAIN,,99,YEAR - AUG FORECAST,US,TOTAL,,BU / ACRE,US TOTAL,,,,,NOT SPECIFIED,ALL CLASSES,,,,ALL PRODUCTION PRACTICES,,9000,,,ANNUAL,2012-01-01 00:00:00.000,00,US TOTAL,NATIONAL,FIELD CROPS,00000000,CORN
UNITED STATES,SURVEY,YIELD,CROPS,"CORN, GRAIN - YIELD, MEASURED IN BU / ACRE",00,134.5,1999,GRAIN,,99,YEAR - NOV FORECAST,US,TOTAL,,BU / ACRE,US TOTAL,,,,,NOT SPECIFIED,ALL CLASSES,,,,ALL PRODUCTION PRACTICES,,9000,,,ANNUAL,2012-01-01 00:00:00.000,00,US TOTAL,NATIONAL,FIELD CROPS,00000000,CORN
UNITED STATES,SURVEY,YIELD,CROPS,"CORN, GRAIN - YIELD, MEASURED IN BU / ACRE",00,133.5,1999,GRAIN,,99,YEAR - OCT FORECAST,US,TOTAL,,BU / ACRE,US TOTAL,,,,,NOT SPECIFIED,ALL CLASSES,,,,ALL PRODUCTION PRACTICES,,9000,,,ANNUAL,2012-01-01 00:00:00.000,00,US TOTAL,NATIONAL,FIELD CROPS,00000000,CORN
UNITED STATES,SURVEY,YIELD,CROPS,"CORN, GRAIN - YIELD, MEASURED IN BU / ACRE",00,132.2,1999,GRAIN,,99,YEAR - SEP FORECAST,US,TOTAL,,BU / ACRE,US TOTAL,,,,,NOT SPECIFIED,ALL CLASSES,,,,ALL PRODUCTION PRACTICES,,9000,,,ANNUAL,2012-01-01 00:00:00.000,00,US TOTAL,NATIONAL,FIELD CROPS,00000000,CORN
UNITED STATES,SURVEY,YIELD,CROPS,"CORN, GRAIN - YIELD, MEASURED IN BU / ACRE",00,136.9,2000,GRAIN,,99,YEAR,US,TOTAL,,BU / ACRE,US TOTAL,,,,,NOT SPECIFIED,ALL CLASSES,,,,ALL PRODUCTION PRACTICES,,9000,,,ANNUAL,2012-01-01 00:00:00.000,00,US TOTAL,NATIONAL,FIELD CROPS,00000000,CORN
UNITED STATES,SURVEY,YIELD,CROPS,"CORN, GRAIN - YIELD, MEASURED IN BU / ACRE",00,141.9,2000,GRAIN,,99,YEAR - AUG FORECAST,US,TOTAL,,BU / ACRE,US TOTAL,,,,,NOT SPECIFIED,ALL CLASSES,,,,ALL PRODUCTION PRACTICES,,9000,,,ANNUAL,2012-01-01 00:00:00.000,00,US TOTAL,NATIONAL,FIELD CROPS,00000000,CORN
UNITED STATES,SURVEY,YIELD,CROPS,"CORN, GRAIN - YIELD, MEASURED IN BU / ACRE",00,137.7,2000,GRAIN,,99,YEAR - NOV FORECAST,US,TOTAL,,BU / ACRE,US TOTAL,,,,,NOT SPECIFIED,ALL CLASSES,,,,ALL PRODUCTION PRACTICES,,9000,,,ANNUAL,2012-01-01 00:00:00.000,00,US TOTAL,NATIONAL,FIELD CROPS,00000000,CORN
UNITED STATES,SURVEY,YIELD,CROPS,"CORN, GRAIN - YIELD, MEASURED IN BU / ACRE",00,139.6,2000,GRAIN,,99,YEAR - OCT FORECAST,US,TOTAL,,BU / ACRE,US TOTAL,,,,,NOT SPECIFIED,ALL CLASSES,,,,ALL PRODUCTION PRACTICES,,9000,,,ANNUAL,2012-01-01 00:00:00.000,00,US TOTAL,NATIONAL,FIELD CROPS,00000000,CORN
UNITED STATES,SURVEY,YIELD,CROPS,"CORN, GRAIN - YIELD, MEASURED IN BU / ACRE",00,141.8,2000,GRAIN,,99,YEAR - SEP FORECAST,US,TOTAL,,BU / ACRE,US TOTAL,,,,,NOT SPECIFIED,ALL CLASSES,,,,ALL PRODUCTION PRACTICES,,9000,,,ANNUAL,2012-01-01 00:00:00.000,00,US TOTAL,NATIONAL,FIELD CROPS,00000000,CORN
UNITED STATES,SURVEY,YIELD,CROPS,"CORN, GRAIN - YIELD, MEASURED IN BU / ACRE",00,138.2,2001,GRAIN,,99,YEAR,US,TOTAL,,BU / ACRE,US TOTAL,,,,,NOT SPECIFIED,ALL CLASSES,,,,ALL PRODUCTION PRACTICES,,9000,,,ANNUAL,2012-01-01 00:00:00.000,00,US TOTAL,NATIONAL,FIELD CROPS,00000000,CORN
UNITED STATES,SURVEY,YIELD,CROPS,"CORN, GRAIN - YIELD, MEASURED IN BU / ACRE",00,133.9,2001,GRAIN,,99,YEAR - AUG FORECAST,US,TOTAL,,BU / ACRE,US TOTAL,,,,,NOT SPECIFIED,ALL CLASSES,,,,ALL PRODUCTION PRACTICES,,9000,,,ANNUAL,2012-01-01 00:00:00.000,00,US TOTAL,NATIONAL,FIELD CROPS,00000000,CORN
UNITED STATES,SURVEY,YIELD,CROPS,"CORN, GRAIN - YIELD, MEASURED IN BU / ACRE",00,138,2001,GRAIN,,99,YEAR - NOV FORECAST,US,TOTAL,,BU / ACRE,US TOTAL,,,,,NOT SPECIFIED,ALL CLASSES,,,,ALL PRODUCTION PRACTICES,,9000,,,ANNUAL,2012-01-01 00:00:00.000,00,US TOTAL,NATIONAL,FIELD CROPS,00000000,CORN
UNITED STATES,SURVEY,YIELD,CROPS,"CORN, GRAIN - YIELD, MEASURED IN BU / ACRE",00,136.3,2001,GRAIN,,99,YEAR - OCT FORECAST,US,TOTAL,,BU / ACRE,US TOTAL,,,,,NOT SPECIFIED,ALL CLASSES,,,,ALL PRODUCTION PRACTICES,,9000,,,ANNUAL,2012-01-01 00:00:00.000,00,US TOTAL,NATIONAL,FIELD CROPS,00000000,CORN
UNITED STATES,SURVEY,YIELD,CROPS,"CORN, GRAIN - YIELD, MEASURED IN BU / ACRE",00,133.5,2001,GRAIN,,99,YEAR - SEP FORECAST,US,TOTAL,,BU / ACRE,US TOTAL,,,,,NOT SPECIFIED,ALL CLASSES,,,,ALL PRODUCTION PRACTICES,,9000,,,ANNUAL,2012-01-01 00:00:00.000,00,US TOTAL,NATIONAL,FIELD CROPS,00000000,CORN
UNITED STATES,SURVEY,YIELD,CROPS,"CORN, GRAIN - YIELD, MEASURED IN BU / ACRE",00,129.3,2002,GRAIN,,99,YEAR,US,TOTAL,,BU / ACRE,US TOTAL,,,,,NOT SPECIFIED,ALL CLASSES,,,,ALL PRODUCTION PRACTICES,,9000,,,ANNUAL,2012-01-01 00:00:00.000,00,US TOTAL,NATIONAL,FIELD CROPS,00000000,CORN
UNITED STATES,SURVEY,YIELD,CROPS,"CORN, GRAIN - YIELD, MEASURED IN BU / ACRE",00,125.2,2002,GRAIN,,99,YEAR - AUG FORECAST,US,TOTAL,,BU / ACRE,US TOTAL,,,,,NOT SPECIFIED,ALL CLASSES,,,,ALL PRODUCTION PRACTICES,,9000,,,ANNUAL,2012-01-01 00:00:00.000,00,US TOTAL,NATIONAL,FIELD CROPS,00000000,CORN
UNITED STATES,SURVEY,YIELD,CROPS,"CORN, GRAIN - YIELD, MEASURED IN BU / ACRE",00,127.6,2002,GRAIN,,99,YEAR - NOV FORECAST,US,TOTAL,,BU / ACRE,US TOTAL,,,,,NOT SPECIFIED,ALL CLASSES,,,,ALL PRODUCTION PRACTICES,,9000,,,ANNUAL,2012-01-01 00:00:00.000,00,US TOTAL,NATIONAL,FIELD CROPS,00000000,CORN
UNITED STATES,SURVEY,YIELD,CROPS,"CORN, GRAIN - YIELD, MEASURED IN BU / ACRE",00,127.2,2002,GRAIN,,99,YEAR - OCT FORECAST,US,TOTAL,,BU / ACRE,US TOTAL,,,,,NOT SPECIFIED,ALL CLASSES,,,,ALL PRODUCTION PRACTICES,,9000,,,ANNUAL,2012-01-01 00:00:00.000,00,US TOTAL,NATIONAL,FIELD CROPS,00000000,CORN
UNITED STATES,SURVEY,YIELD,CROPS,"CORN, GRAIN - YIELD, MEASURED IN BU / ACRE",00,125.4,2002,GRAIN,,99,YEAR - SEP FORECAST,US,TOTAL,,BU / ACRE,US TOTAL,,,,,NOT SPECIFIED,ALL CLASSES,,,,ALL PRODUCTION PRACTICES,,9000,,,ANNUAL,2012-01-01 00:00:00.000,00,US TOTAL,NATIONAL,FIELD CROPS,00000000,CORN
UNITED STATES,SURVEY,YIELD,CROPS,"CORN, GRAIN - YIELD, MEASURED IN BU / ACRE",00,142.2,2003,GRAIN,,99,YEAR,US,TOTAL,,BU / ACRE,US TOTAL,,,,,NOT SPECIFIED,ALL CLASSES,,,,ALL PRODUCTION PRACTICES,,9000,,,ANNUAL,2012-01-01 00:00:00.000,00,US TOTAL,NATIONAL,FIELD CROPS,00000000,CORN
UNITED STATES,SURVEY,YIELD,CROPS,"CORN, GRAIN - YIELD, MEASURED IN BU / ACRE",00,139.9,2003,GRAIN,,99,YEAR - AUG FORECAST,US,TOTAL,,BU / ACRE,US TOTAL,,,,,NOT SPECIFIED,ALL CLASSES,,,,ALL PRODUCTION PRACTICES,,9000,,,ANNUAL,2012-01-01 00:00:00.000,00,US TOTAL,NATIONAL,FIELD CROPS,00000000,CORN
UNITED STATES,SURVEY,YIELD,CROPS,"CORN, GRAIN - YIELD, MEASURED IN BU / ACRE",00,143.2,2003,GRAIN,,99,YEAR - NOV FORECAST,US,TOTAL,,BU / ACRE,US TOTAL,,,,,NOT SPECIFIED,ALL CLASSES,,,,ALL PRODUCTION PRACTICES,,9000,,,ANNUAL,2012-01-01 00:00:00.000,00,US TOTAL,NATIONAL,FIELD CROPS,00000000,CORN
UNITED STATES,SURVEY,YIELD,CROPS,"CORN, GRAIN - YIELD, MEASURED IN BU / ACRE",00,142.2,2003,GRAIN,,99,YEAR - OCT FORECAST,US,TOTAL,,BU / ACRE,US TOTAL,,,,,NOT SPECIFIED,ALL CLASSES,,,,ALL PRODUCTION PRACTICES,,9000,,,ANNUAL,2012-01-01 00:00:00.000,00,US TOTAL,NATIONAL,FIELD CROPS,00000000,CORN
UNITED STATES,SURVEY,YIELD,CROPS,"CORN, GRAIN - YIELD, MEASURED IN BU / ACRE",00,138.5,2003,GRAIN,,99,YEAR - SEP FORECAST,US,TOTAL,,BU / ACRE,US TOTAL,,,,,NOT SPECIFIED,ALL CLASSES,,,,ALL PRODUCTION PRACTICES,,9000,,,ANNUAL,2012-01-01 00:00:00.000,00,US TOTAL,NATIONAL,FIELD CROPS,00000000,CORN
UNITED STATES,SURVEY,YIELD,CROPS,"CORN, GRAIN - YIELD, MEASURED IN BU / ACRE",00,160.3,2004,GRAIN,,99,YEAR,US,TOTAL,,BU / ACRE,US TOTAL,,,,,NOT SPECIFIED,ALL CLASSES,,,,ALL PRODUCTION PRACTICES,,9000,,,ANNUAL,2012-01-01 00:00:00.000,00,US TOTAL,NATIONAL,FIELD CROPS,00000000,CORN
UNITED STATES,SURVEY,YIELD,CROPS,"CORN, GRAIN - YIELD, MEASURED IN BU / ACRE",00,148.9,2004,GRAIN,,99,YEAR - AUG FORECAST,US,TOTAL,,BU / ACRE,US TOTAL,,,,,NOT SPECIFIED,ALL CLASSES,,,,ALL PRODUCTION PRACTICES,,9000,,,ANNUAL,2012-01-01 00:00:00.000,00,US TOTAL,NATIONAL,FIELD CROPS,00000000,CORN
UNITED STATES,SURVEY,YIELD,CROPS,"CORN, GRAIN - YIELD, MEASURED IN BU / ACRE",00,160.2,2004,GRAIN,,99,YEAR - NOV FORECAST,US,TOTAL,,BU / ACRE,US TOTAL,,,,,NOT SPECIFIED,ALL CLASSES,,,,ALL PRODUCTION PRACTICES,,9000,,,ANNUAL,2012-01-01 00:00:00.000,00,US TOTAL,NATIONAL,FIELD CROPS,00000000,CORN
UNITED STATES,SURVEY,YIELD,CROPS,"CORN, GRAIN - YIELD, MEASURED IN BU / ACRE",00,158.4,2004,GRAIN,,99,YEAR - OCT FORECAST,US,TOTAL,,BU / ACRE,US TOTAL,,,,,NOT SPECIFIED,ALL CLASSES,,,,ALL PRODUCTION PRACTICES,,9000,,,ANNUAL,2012-01-01 00:00:00.000,00,US TOTAL,NATIONAL,FIELD CROPS,00000000,CORN
UNITED STATES,SURVEY,YIELD,CROPS,"CORN, GRAIN - YIELD, MEASURED IN BU / ACRE",00,149.4,2004,GRAIN,,99,YEAR - SEP FORECAST,US,TOTAL,,BU / ACRE,US TOTAL,,,,,NOT SPECIFIED,ALL CLASSES,,,,ALL PRODUCTION PRACTICES,,9000,,,ANNUAL,2012-01-01 00:00:00.000,00,US TOTAL,NATIONAL,FIELD CROPS,00000000,CORN
UNITED STATES,SURVEY,YIELD,CROPS,"CORN, GRAIN - YIELD, MEASURED IN BU / ACRE",00,147.9,2005,GRAIN,,99,YEAR,US,TOTAL,,BU / ACRE,US TOTAL,,,,,NOT SPECIFIED,ALL CLASSES,,,,ALL PRODUCTION PRACTICES,,9000,,,ANNUAL,2012-01-01 00:00:00.000,00,US TOTAL,NATIONAL,FIELD CROPS,00000000,CORN
UNITED STATES,SURVEY,YIELD,CROPS,"CORN, GRAIN - YIELD, MEASURED IN BU / ACRE",00,139.2,2005,GRAIN,,99,YEAR - AUG FORECAST,US,TOTAL,,BU / ACRE,US TOTAL,,,,,NOT SPECIFIED,ALL CLASSES,,,,ALL PRODUCTION PRACTICES,,9000,,,ANNUAL,2012-01-01 00:00:00.000,00,US TOTAL,NATIONAL,FIELD CROPS,00000000,CORN
UNITED STATES,SURVEY,YIELD,CROPS,"CORN, GRAIN - YIELD, MEASURED IN BU / ACRE",00,148.4,2005,GRAIN,,99,YEAR - NOV FORECAST,US,TOTAL,,BU / ACRE,US TOTAL,,,,,NOT SPECIFIED,ALL CLASSES,,,,ALL PRODUCTION PRACTICES,,9000,,,ANNUAL,2012-01-01 00:00:00.000,00,US TOTAL,NATIONAL,FIELD CROPS,00000000,CORN
UNITED STATES,SURVEY,YIELD,CROPS,"CORN, GRAIN - YIELD, MEASURED IN BU / ACRE",00,146.1,2005,GRAIN,,99,YEAR - OCT FORECAST,US,TOTAL,,BU / ACRE,US TOTAL,,,,,NOT SPECIFIED,ALL CLASSES,,,,ALL PRODUCTION PRACTICES,,9000,,,ANNUAL,2012-01-01 00:00:00.000,00,US TOTAL,NATIONAL,FIELD CROPS,00000000,CORN
UNITED STATES,SURVEY,YIELD,CROPS,"CORN, GRAIN - YIELD, MEASURED IN BU / ACRE",00,143.2,2005,GRAIN,,99,YEAR - SEP FORECAST,US,TOTAL,,BU / ACRE,US TOTAL,,,,,NOT SPECIFIED,ALL CLASSES,,,,ALL PRODUCTION PRACTICES,,9000,,,ANNUAL,2012-01-01 00:00:00.000,00,US TOTAL,NATIONAL,FIELD CROPS,00000000,CORN
UNITED STATES,SURVEY,YIELD,CROPS,"CORN, GRAIN - YIELD, MEASURED IN BU / ACRE",00,149.1,2006,GRAIN,,99,YEAR,US,TOTAL,,BU / ACRE,US TOTAL,,,,,NOT SPECIFIED,ALL CLASSES,,,,ALL PRODUCTION PRACTICES,,9000,,,ANNUAL,2012-01-01 00:00:00.000,00,US TOTAL,NATIONAL,FIELD CROPS,00000000,CORN
UNITED STATES,SURVEY,YIELD,CROPS,"CORN, GRAIN - YIELD, MEASURED IN BU / ACRE",00,152.2,2006,GRAIN,,99,YEAR - AUG FORECAST,US,TOTAL,,BU / ACRE,US TOTAL,,,,,NOT SPECIFIED,ALL CLASSES,,,,ALL PRODUCTION PRACTICES,,9000,,,ANNUAL,2012-01-01 00:00:00.000,00,US TOTAL,NATIONAL,FIELD CROPS,00000000,CORN
UNITED STATES,SURVEY,YIELD,CROPS,"CORN, GRAIN - YIELD, MEASURED IN BU / ACRE",00,151.2,2006,GRAIN,,99,YEAR - NOV FORECAST,US,TOTAL,,BU / ACRE,US TOTAL,,,,,NOT SPECIFIED,ALL CLASSES,,,,ALL PRODUCTION PRACTICES,,9000,,,ANNUAL,2012-01-01 00:00:00.000,00,US TOTAL,NATIONAL,FIELD CROPS,00000000,CORN
UNITED STATES,SURVEY,YIELD,CROPS,"CORN, GRAIN - YIELD, MEASURED IN BU / ACRE",00,153.5,2006,GRAIN,,99,YEAR - OCT FORECAST,US,TOTAL,,BU / ACRE,US TOTAL,,,,,NOT SPECIFIED,ALL CLASSES,,,,ALL PRODUCTION PRACTICES,,9000,,,ANNUAL,2012-01-01 00:00:00.000,00,US TOTAL,NATIONAL,FIELD CROPS,00000000,CORN
UNITED STATES,SURVEY,YIELD,CROPS,"CORN, GRAIN - YIELD, MEASURED IN BU / ACRE",00,154.7,2006,GRAIN,,99,YEAR - SEP FORECAST,US,TOTAL,,BU / ACRE,US TOTAL,,,,,NOT SPECIFIED,ALL CLASSES,,,,ALL PRODUCTION PRACTICES,,9000,,,ANNUAL,2012-01-01 00:00:00.000,00,US TOTAL,NATIONAL,FIELD CROPS,00000000,CORN
UNITED STATES,SURVEY,YIELD,CROPS,"CORN, GRAIN - YIELD, MEASURED IN BU / ACRE",00,150.7,2007,GRAIN,,99,YEAR,US,TOTAL,,BU / ACRE,US TOTAL,,,,,NOT SPECIFIED,ALL CLASSES,,,,ALL PRODUCTION PRACTICES,,9000,,,ANNUAL,2012-01-01 00:00:00.000,00,US TOTAL,NATIONAL,FIELD CROPS,00000000,CORN
UNITED STATES,SURVEY,YIELD,CROPS,"CORN, GRAIN - YIELD, MEASURED IN BU / ACRE",00,152.8,2007,GRAIN,,99,YEAR - AUG FORECAST,US,TOTAL,,BU / ACRE,US TOTAL,,,,,NOT SPECIFIED,ALL CLASSES,,,,ALL PRODUCTION PRACTICES,,9000,,,ANNUAL,2012-01-01 00:00:00.000,00,US TOTAL,NATIONAL,FIELD CROPS,00000000,CORN
UNITED STATES,SURVEY,YIELD,CROPS,"CORN, GRAIN - YIELD, MEASURED IN BU / ACRE",00,153,2007,GRAIN,,99,YEAR - NOV FORECAST,US,TOTAL,,BU / ACRE,US TOTAL,,,,,NOT SPECIFIED,ALL CLASSES,,,,ALL PRODUCTION PRACTICES,,9000,,,ANNUAL,2012-01-01 00:00:00.000,00,US TOTAL,NATIONAL,FIELD CROPS,00000000,CORN
UNITED STATES,SURVEY,YIELD,CROPS,"CORN, GRAIN - YIELD, MEASURED IN BU / ACRE",00,154.7,2007,GRAIN,,99,YEAR - OCT FORECAST,US,TOTAL,,BU / ACRE,US TOTAL,,,,,NOT SPECIFIED,ALL CLASSES,,,,ALL PRODUCTION PRACTICES,,9000,,,ANNUAL,2012-01-01 00:00:00.000,00,US TOTAL,NATIONAL,FIELD CROPS,00000000,CORN
UNITED STATES,SURVEY,YIELD,CROPS,"CORN, GRAIN - YIELD, MEASURED IN BU / ACRE",00,155.8,2007,GRAIN,,99,YEAR - SEP FORECAST,US,TOTAL,,BU / ACRE,US TOTAL,,,,,NOT SPECIFIED,ALL CLASSES,,,,ALL PRODUCTION PRACTICES,,9000,,,ANNUAL,2012-01-01 00:00:00.000,00,US TOTAL,NATIONAL,FIELD CROPS,00000000,CORN
UNITED STATES,SURVEY,YIELD,CROPS,"CORN, GRAIN - YIELD, MEASURED IN BU / ACRE",00,153.3,2008,GRAIN,,99,YEAR,US,TOTAL,,BU / ACRE,US TOTAL,,,,,NOT SPECIFIED,ALL CLASSES,,,,ALL PRODUCTION PRACTICES,,9000,,,ANNUAL,2014-11-03 16:18:55.000,00,US TOTAL,NATIONAL,FIELD CROPS,00000000,CORN
UNITED STATES,SURVEY,YIELD,CROPS,"CORN, GRAIN - YIELD, MEASURED IN BU / ACRE",00,155,2008,GRAIN,,99,YEAR - AUG FORECAST,US,TOTAL,,BU / ACRE,US TOTAL,,,,,NOT SPECIFIED,ALL CLASSES,,,,ALL PRODUCTION PRACTICES,,9000,,,ANNUAL,2012-01-01 00:00:00.000,00,US TOTAL,NATIONAL,FIELD CROPS,00000000,CORN
UNITED STATES,SURVEY,YIELD,CROPS,"CORN, GRAIN - YIELD, MEASURED IN BU / ACRE",00,153.8,2008,GRAIN,,99,YEAR - NOV FORECAST,US,TOTAL,,BU / ACRE,US TOTAL,,,,,NOT SPECIFIED,ALL CLASSES,,,,ALL PRODUCTION PRACTICES,,9000,,,ANNUAL,2012-01-01 00:00:00.000,00,US TOTAL,NATIONAL,FIELD CROPS,00000000,CORN
UNITED STATES,SURVEY,YIELD,CROPS,"CORN, GRAIN - YIELD, MEASURED IN BU / ACRE",00,153.9,2008,GRAIN,,99,YEAR - OCT FORECAST,US,TOTAL,,BU / ACRE,US TOTAL,,,,,NOT SPECIFIED,ALL CLASSES,,,,ALL PRODUCTION PRACTICES,,9000,,,ANNUAL,2012-01-01 00:00:00.000,00,US TOTAL,NATIONAL,FIELD CROPS,00000000,CORN
UNITED STATES,SURVEY,YIELD,CROPS,"CORN, GRAIN - YIELD, MEASURED IN BU / ACRE",00,152.3,2008,GRAIN,,99,YEAR - SEP FORECAST,US,TOTAL,,BU / ACRE,US TOTAL,,,,,NOT SPECIFIED,ALL CLASSES,,,,ALL PRODUCTION PRACTICES,,9000,,,ANNUAL,2012-01-01 00:00:00.000,00,US TOTAL,NATIONAL,FIELD CROPS,00000000,CORN
UNITED STATES,SURVEY,YIELD,CROPS,"CORN, GRAIN - YIELD, MEASURED IN BU / ACRE",00,164.4,2009,GRAIN,,99,YEAR,US,TOTAL,,BU / ACRE,US TOTAL,,,,,NOT SPECIFIED,ALL CLASSES,,,,ALL PRODUCTION PRACTICES,,9000,,,ANNUAL,2014-11-03 16:18:55.000,00,US TOTAL,NATIONAL,FIELD CROPS,00000000,CORN
UNITED STATES,SURVEY,YIELD,CROPS,"CORN, GRAIN - YIELD, MEASURED IN BU / ACRE",00,159.5,2009,GRAIN,,99,YEAR - AUG FORECAST,US,TOTAL,,BU / ACRE,US TOTAL,,,,,NOT SPECIFIED,ALL CLASSES,,,,ALL PRODUCTION PRACTICES,,9000,,,ANNUAL,2012-01-01 00:00:00.000,00,US TOTAL,NATIONAL,FIELD CROPS,00000000,CORN
UNITED STATES,SURVEY,YIELD,CROPS,"CORN, GRAIN - YIELD, MEASURED IN BU / ACRE",00,162.9,2009,GRAIN,,99,YEAR - NOV FORECAST,US,TOTAL,,BU / ACRE,US TOTAL,,,,,NOT SPECIFIED,ALL CLASSES,,,,ALL PRODUCTION PRACTICES,,9000,,,ANNUAL,2012-01-01 00:00:00.000,00,US TOTAL,NATIONAL,FIELD CROPS,00000000,CORN
UNITED STATES,SURVEY,YIELD,CROPS,"CORN, GRAIN - YIELD, MEASURED IN BU / ACRE",00,164.2,2009,GRAIN,,99,YEAR - OCT FORECAST,US,TOTAL,,BU / ACRE,US TOTAL,,,,,NOT SPECIFIED,ALL CLASSES,,,,ALL PRODUCTION PRACTICES,,9000,,,ANNUAL,2012-01-01 00:00:00.000,00,US TOTAL,NATIONAL,FIELD CROPS,00000000,CORN
UNITED STATES,SURVEY,YIELD,CROPS,"CORN, GRAIN - YIELD, MEASURED IN BU / ACRE",00,161.9,2009,GRAIN,,99,YEAR - SEP FORECAST,US,TOTAL,,BU / ACRE,US TOTAL,,,,,NOT SPECIFIED,ALL CLASSES,,,,ALL PRODUCTION PRACTICES,,9000,,,ANNUAL,2012-01-01 00:00:00.000,00,US TOTAL,NATIONAL,FIELD CROPS,00000000,CORN
UNITED STATES,SURVEY,YIELD,CROPS,"CORN, GRAIN - YIELD, MEASURED IN BU / ACRE",00,152.6,2010,GRAIN,,99,YEAR,US,TOTAL,,BU / ACRE,US TOTAL,,,,,NOT SPECIFIED,ALL CLASSES,,,,ALL PRODUCTION PRACTICES,,9000,,,ANNUAL,2014-11-03 16:18:55.000,00,US TOTAL,NATIONAL,FIELD CROPS,00000000,CORN
UNITED STATES,SURVEY,YIELD,CROPS,"CORN, GRAIN - YIELD, MEASURED IN BU / ACRE",00,165,2010,GRAIN,,99,YEAR - AUG FORECAST,US,TOTAL,,BU / ACRE,US TOTAL,,,,,NOT SPECIFIED,ALL CLASSES,,,,ALL PRODUCTION PRACTICES,,9000,,,ANNUAL,2012-01-01 00:00:00.000,00,US TOTAL,NATIONAL,FIELD CROPS,00000000,CORN
UNITED STATES,SURVEY,YIELD,CROPS,"CORN, GRAIN - YIELD, MEASURED IN BU / ACRE",00,154.3,2010,GRAIN,,99,YEAR - NOV FORECAST,US,TOTAL,,BU / ACRE,US TOTAL,,,,,NOT SPECIFIED,ALL CLASSES,,,,ALL PRODUCTION PRACTICES,,9000,,,ANNUAL,2012-01-01 00:00:00.000,00,US TOTAL,NATIONAL,FIELD CROPS,00000000,CORN
UNITED STATES,SURVEY,YIELD,CROPS,"CORN, GRAIN - YIELD, MEASURED IN BU / ACRE",00,155.8,2010,GRAIN,,99,YEAR - OCT FORECAST,US,TOTAL,,BU / ACRE,US TOTAL,,,,,NOT SPECIFIED,ALL CLASSES,,,,ALL PRODUCTION PRACTICES,,9000,,,ANNUAL,2012-01-01 00:00:00.000,00,US TOTAL,NATIONAL,FIELD CROPS,00000000,CORN
UNITED STATES,SURVEY,YIELD,CROPS,"CORN, GRAIN - YIELD, MEASURED IN BU / ACRE",00,162.5,2010,GRAIN,,99,YEAR - SEP FORECAST,US,TOTAL,,BU / ACRE,US TOTAL,,,,,NOT SPECIFIED,ALL CLASSES,,,,ALL PRODUCTION PRACTICES,,9000,,,ANNUAL,2012-01-01 00:00:00.000,00,US TOTAL,NATIONAL,FIELD CROPS,00000000,CORN
UNITED STATES,SURVEY,YIELD,CROPS,"CORN, GRAIN - YIELD, MEASURED IN BU / ACRE",00,146.8,2011,GRAIN,,99,YEAR,US,TOTAL,,BU / ACRE,US TOTAL,,,,,NOT SPECIFIED,ALL CLASSES,,,,ALL PRODUCTION PRACTICES,,9000,,,ANNUAL,2014-11-03 16:18:55.000,00,US TOTAL,NATIONAL,FIELD CROPS,00000000,CORN
UNITED STATES,SURVEY,YIELD,CROPS,"CORN, GRAIN - YIELD, MEASURED IN BU / ACRE",00,153,2011,GRAIN,,99,YEAR - AUG FORECAST,US,TOTAL,,BU / ACRE,US TOTAL,,,,,NOT SPECIFIED,ALL CLASSES,,,,ALL PRODUCTION PRACTICES,,9000,,,ANNUAL,2012-01-01 00:00:00.000,00,US TOTAL,NATIONAL,FIELD CROPS,00000000,CORN
UNITED STATES,SURVEY,YIELD,CROPS,"CORN, GRAIN - YIELD, MEASURED IN BU / ACRE",00,146.7,2011,GRAIN,,99,YEAR - NOV FORECAST,US,TOTAL,,BU / ACRE,US TOTAL,,,,,NOT SPECIFIED,ALL CLASSES,,,,ALL PRODUCTION PRACTICES,,9000,,,ANNUAL,2012-01-01 00:00:00.000,00,US TOTAL,NATIONAL,FIELD CROPS,00000000,CORN
UNITED STATES,SURVEY,YIELD,CROPS,"CORN, GRAIN - YIELD, MEASURED IN BU / ACRE",00,148.1,2011,GRAIN,,99,YEAR - OCT FORECAST,US,TOTAL,,BU / ACRE,US TOTAL,,,,,NOT SPECIFIED,ALL CLASSES,,,,ALL PRODUCTION PRACTICES,,9000,,,ANNUAL,2012-01-01 00:00:00.000,00,US TOTAL,NATIONAL,FIELD CROPS,00000000,CORN
UNITED STATES,SURVEY,YIELD,CROPS,"CORN, GRAIN - YIELD, MEASURED IN BU / ACRE",00,148.1,2011,GRAIN,,99,YEAR - SEP FORECAST,US,TOTAL,,BU / ACRE,US TOTAL,,,,,NOT SPECIFIED,ALL CLASSES,,,,ALL PRODUCTION PRACTICES,,9000,,,ANNUAL,2012-01-01 00:00:00.000,00,US TOTAL,NATIONAL,FIELD CROPS,00000000,CORN
UNITED STATES,SURVEY,YIELD,CROPS,"CORN, GRAIN - YIELD, MEASURED IN BU / ACRE",00,123.1,2012,GRAIN,,99,YEAR,US,TOTAL,,BU / ACRE,US TOTAL,,,,,NOT SPECIFIED,ALL CLASSES,,,,ALL PRODUCTION PRACTICES,,9000,,,ANNUAL,2014-11-03 16:18:55.000,00,US TOTAL,NATIONAL,FIELD CROPS,00000000,CORN
UNITED STATES,SURVEY,YIELD,CROPS,"CORN, GRAIN - YIELD, MEASURED IN BU / ACRE",00,123.4,2012,GRAIN,,99,YEAR - AUG FORECAST,US,TOTAL,,BU / ACRE,US TOTAL,,,,,NOT SPECIFIED,ALL CLASSES,,,,ALL PRODUCTION PRACTICES,,9000,,,ANNUAL,2012-08-10 12:59:15.000,00,US TOTAL,NATIONAL,FIELD CROPS,00000000,CORN
UNITED STATES,SURVEY,YIELD,CROPS,"CORN, GRAIN - YIELD, MEASURED IN BU / ACRE",00,122.3,2012,GRAIN,,99,YEAR - NOV FORECAST,US,TOTAL,,BU / ACRE,US TOTAL,,,,,NOT SPECIFIED,ALL CLASSES,,,,ALL PRODUCTION PRACTICES,,9000,,,ANNUAL,2012-11-09 10:26:00.000,00,US TOTAL,NATIONAL,FIELD CROPS,00000000,CORN
UNITED STATES,SURVEY,YIELD,CROPS,"CORN, GRAIN - YIELD, MEASURED IN BU / ACRE",00,122,2012,GRAIN,,99,YEAR - OCT FORECAST,US,TOTAL,,BU / ACRE,US TOTAL,,,,,NOT SPECIFIED,ALL CLASSES,,,,ALL PRODUCTION PRACTICES,,9000,,,ANNUAL,2012-10-11 11:19:07.000,00,US TOTAL,NATIONAL,FIELD CROPS,00000000,CORN
UNITED STATES,SURVEY,YIELD,CROPS,"CORN, GRAIN - YIELD, MEASURED IN BU / ACRE",00,122.8,2012,GRAIN,,99,YEAR - SEP FORECAST,US,TOTAL,,BU / ACRE,US TOTAL,,,,,NOT SPECIFIED,ALL CLASSES,,,,ALL PRODUCTION PRACTICES,,9000,,,ANNUAL,2012-09-12 11:03:54.000,00,US TOTAL,NATIONAL,FIELD CROPS,00000000,CORN
UNITED STATES,SURVEY,YIELD,CROPS,"CORN, GRAIN - YIELD, MEASURED IN BU / ACRE",00,158.1,2013,GRAIN,,99,YEAR,US,TOTAL,,BU / ACRE,US TOTAL,,,,,NOT SPECIFIED,ALL CLASSES,,,,ALL PRODUCTION PRACTICES,,9000,,,ANNUAL,2019-02-06 15:00:06.000,00,US TOTAL,NATIONAL,FIELD CROPS,00000000,CORN
UNITED STATES,SURVEY,YIELD,CROPS,"CORN, GRAIN - YIELD, MEASURED IN BU / ACRE",00,154.4,2013,GRAIN,,99,YEAR - AUG FORECAST,US,TOTAL,,BU / ACRE,US TOTAL,,,,,NOT SPECIFIED,ALL CLASSES,,,,ALL PRODUCTION PRACTICES,,9000,,,ANNUAL,2013-08-12 12:25:57.000,00,US TOTAL,NATIONAL,FIELD CROPS,00000000,CORN
UNITED STATES,SURVEY,YIELD,CROPS,"CORN, GRAIN - YIELD, MEASURED IN BU / ACRE",00,160.4,2013,GRAIN,,99,YEAR - NOV FORECAST,US,TOTAL,,BU / ACRE,US TOTAL,,,,,NOT SPECIFIED,ALL CLASSES,,,,ALL PRODUCTION PRACTICES,,9000,,,ANNUAL,2013-11-08 14:14:29.000,00,US TOTAL,NATIONAL,FIELD CROPS,00000000,CORN
UNITED STATES,SURVEY,YIELD,CROPS,"CORN, GRAIN - YIELD, MEASURED IN BU / ACRE",00,155.3,2013,GRAIN,,99,YEAR - SEP FORECAST,US,TOTAL,,BU / ACRE,US TOTAL,,,,,NOT SPECIFIED,ALL CLASSES,,,,ALL PRODUCTION PRACTICES,,9000,,,ANNUAL,2013-09-12 12:27:34.000,00,US TOTAL,NATIONAL,FIELD CROPS,00000000,CORN
UNITED STATES,SURVEY,YIELD,CROPS,"CORN, GRAIN - YIELD, MEASURED IN BU / ACRE",00,171,2014,GRAIN,,99,YEAR,US,TOTAL,,BU / ACRE,US TOTAL,,,,,NOT SPECIFIED,ALL CLASSES,,,,ALL PRODUCTION PRACTICES,,9000,,,ANNUAL,2019-02-06 15:00:06.000,00,US TOTAL,NATIONAL,FIELD CROPS,00000000,CORN
UNITED STATES,SURVEY,YIELD,CROPS,"CORN, GRAIN - YIELD, MEASURED IN BU / ACRE",00,167.4,2014,GRAIN,,99,YEAR - AUG FORECAST,US,TOTAL,,BU / ACRE,US TOTAL,,,,,NOT SPECIFIED,ALL CLASSES,,,,ALL PRODUCTION PRACTICES,,9000,,,ANNUAL,2014-08-12 12:00:16.000,00,US TOTAL,NATIONAL,FIELD CROPS,00000000,CORN
UNITED STATES,SURVEY,YIELD,CROPS,"CORN, GRAIN - YIELD, MEASURED IN BU / ACRE",00,173.4,2014,GRAIN,,99,YEAR - NOV FORECAST,US,TOTAL,,BU / ACRE,US TOTAL,,,,,NOT SPECIFIED,ALL CLASSES,,,,ALL PRODUCTION PRACTICES,,9000,,,ANNUAL,2014-11-10 12:04:43.000,00,US TOTAL,NATIONAL,FIELD CROPS,00000000,CORN
UNITED STATES,SURVEY,YIELD,CROPS,"CORN, GRAIN - YIELD, MEASURED IN BU / ACRE",00,174.2,2014,GRAIN,,99,YEAR - OCT FORECAST,US,TOTAL,,BU / ACRE,US TOTAL,,,,,NOT SPECIFIED,ALL CLASSES,,,,ALL PRODUCTION PRACTICES,,9000,,,ANNUAL,2014-10-10 12:10:23.000,00,US TOTAL,NATIONAL,FIELD CROPS,00000000,CORN
UNITED STATES,SURVEY,YIELD,CROPS,"CORN, GRAIN - YIELD, MEASURED IN BU / ACRE",00,171.7,2014,GRAIN,,99,YEAR - SEP FORECAST,US,TOTAL,,BU / ACRE,US TOTAL,,,,,NOT SPECIFIED,ALL CLASSES,,,,ALL PRODUCTION PRACTICES,,9000,,,ANNUAL,2014-09-11 12:00:26.000,00,US TOTAL,NATIONAL,FIELD CROPS,00000000,CORN
UNITED STATES,SURVEY,YIELD,CROPS,"CORN, GRAIN - YIELD, MEASURED IN BU / ACRE",00,168.4,2015,GRAIN,,99,YEAR,US,TOTAL,,BU / ACRE,US TOTAL,,,,,NOT SPECIFIED,ALL CLASSES,,,,ALL PRODUCTION PRACTICES,,9000,,,ANNUAL,2019-02-06 15:00:06.000,00,US TOTAL,NATIONAL,FIELD CROPS,00000000,CORN
UNITED STATES,SURVEY,YIELD,CROPS,"CORN, GRAIN - YIELD, MEASURED IN BU / ACRE",00,168.8,2015,GRAIN,,99,YEAR - AUG FORECAST,US,TOTAL,,BU / ACRE,US TOTAL,,,,,NOT SPECIFIED,ALL CLASSES,,,,ALL PRODUCTION PRACTICES,,9000,,,ANNUAL,2015-08-12 12:00:00.000,00,US TOTAL,NATIONAL,FIELD CROPS,00000000,CORN
UNITED STATES,SURVEY,YIELD,CROPS,"CORN, GRAIN - YIELD, MEASURED IN BU / ACRE",00,169.3,2015,GRAIN,,99,YEAR - NOV FORECAST,US,TOTAL,,BU / ACRE,US TOTAL,,,,,NOT SPECIFIED,ALL CLASSES,,,,ALL PRODUCTION PRACTICES,,9000,,,ANNUAL,2015-11-10 12:00:00.000,00,US TOTAL,NATIONAL,FIELD CROPS,00000000,CORN
UNITED STATES,SURVEY,YIELD,CROPS,"CORN, GRAIN - YIELD, MEASURED IN BU / ACRE",00,168,2015,GRAIN,,99,YEAR - OCT FORECAST,US,TOTAL,,BU / ACRE,US TOTAL,,,,,NOT SPECIFIED,ALL CLASSES,,,,ALL PRODUCTION PRACTICES,,9000,,,ANNUAL,2015-10-09 12:00:00.000,00,US TOTAL,NATIONAL,FIELD CROPS,00000000,CORN
UNITED STATES,SURVEY,YIELD,CROPS,"CORN, GRAIN - YIELD, MEASURED IN BU / ACRE",00,167.5,2015,GRAIN,,99,YEAR - SEP FORECAST,US,TOTAL,,BU / ACRE,US TOTAL,,,,,NOT SPECIFIED,ALL CLASSES,,,,ALL PRODUCTION PRACTICES,,9000,,,ANNUAL,2015-09-11 12:00:00.000,00,US TOTAL,NATIONAL,FIELD CROPS,00000000,CORN
UNITED STATES,SURVEY,YIELD,CROPS,"CORN, GRAIN - YIELD, MEASURED IN BU / ACRE",00,174.6,2016,GRAIN,,99,YEAR,US,TOTAL,,BU / ACRE,US TOTAL,,,,,NOT SPECIFIED,ALL CLASSES,,,,ALL PRODUCTION PRACTICES,,9000,,,ANNUAL,2019-02-06 15:00:06.000,00,US TOTAL,NATIONAL,FIELD CROPS,00000000,CORN
UNITED STATES,SURVEY,YIELD,CROPS,"CORN, GRAIN - YIELD, MEASURED IN BU / ACRE",00,175.1,2016,GRAIN,,99,YEAR - AUG FORECAST,US,TOTAL,,BU / ACRE,US TOTAL,,,,,NOT SPECIFIED,ALL CLASSES,,,,ALL PRODUCTION PRACTICES,,9000,,,ANNUAL,2016-08-12 12:00:00.000,00,US TOTAL,NATIONAL,FIELD CROPS,00000000,CORN
UNITED STATES,SURVEY,YIELD,CROPS,"CORN, GRAIN - YIELD, MEASURED IN BU / ACRE",00,175.3,2016,GRAIN,,99,YEAR - NOV FORECAST,US,TOTAL,,BU / ACRE,US TOTAL,,,,,NOT SPECIFIED,ALL CLASSES,,,,ALL PRODUCTION PRACTICES,,9000,,,ANNUAL,2016-11-09 13:11:41.000,00,US TOTAL,NATIONAL,FIELD CROPS,00000000,CORN
UNITED STATES,SURVEY,YIELD,CROPS,"CORN, GRAIN - YIELD, MEASURED IN BU / ACRE",00,173.4,2016,GRAIN,,99,YEAR - OCT FORECAST,US,TOTAL,,BU / ACRE,US TOTAL,,,,,NOT SPECIFIED,ALL CLASSES,,,,ALL PRODUCTION PRACTICES,,9000,,,ANNUAL,2016-10-12 12:00:00.000,00,US TOTAL,NATIONAL,FIELD CROPS,00000000,CORN
UNITED STATES,SURVEY,YIELD,CROPS,"CORN, GRAIN - YIELD, MEASURED IN BU / ACRE",00,174.4,2016,GRAIN,,99,YEAR - SEP FORECAST,US,TOTAL,,BU / ACRE,US TOTAL,,,,,NOT SPECIFIED,ALL CLASSES,,,,ALL PRODUCTION PRACTICES,,9000,,,ANNUAL,2016-09-12 12:00:00.000,00,US TOTAL,NATIONAL,FIELD CROPS,00000000,CORN
UNITED STATES,SURVEY,YIELD,CROPS,"CORN, GRAIN - YIELD, MEASURED IN BU / ACRE",00,176.6,2017,GRAIN,,99,YEAR,US,TOTAL,,BU / ACRE,US TOTAL,,,,,NOT SPECIFIED,ALL CLASSES,,,,ALL PRODUCTION PRACTICES,,9000,,,ANNUAL,2019-02-06 15:00:06.000,00,US TOTAL,NATIONAL,FIELD CROPS,00000000,CORN
UNITED STATES,SURVEY,YIELD,CROPS,"CORN, GRAIN - YIELD, MEASURED IN BU / ACRE",00,169.5,2017,GRAIN,,99,YEAR - AUG FORECAST,US,TOTAL,,BU / ACRE,US TOTAL,,,,,NOT SPECIFIED,ALL CLASSES,,,,ALL PRODUCTION PRACTICES,,9000,,,ANNUAL,2017-08-10 12:08:28.000,00,US TOTAL,NATIONAL,FIELD CROPS,00000000,CORN
UNITED STATES,SURVEY,YIELD,CROPS,"CORN, GRAIN - YIELD, MEASURED IN BU / ACRE",00,175.4,2017,GRAIN,,99,YEAR - NOV FORECAST,US,TOTAL,,BU / ACRE,US TOTAL,,,,,NOT SPECIFIED,ALL CLASSES,,,,ALL PRODUCTION PRACTICES,,9000,,,ANNUAL,2017-11-09 12:02:08.000,00,US TOTAL,NATIONAL,FIELD CROPS,00000000,CORN
UNITED STATES,SURVEY,YIELD,CROPS,"CORN, GRAIN - YIELD, MEASURED IN BU / ACRE",00,171.8,2017,GRAIN,,99,YEAR - OCT FORECAST,US,TOTAL,,BU / ACRE,US TOTAL,,,,,NOT SPECIFIED,ALL CLASSES,,,,ALL PRODUCTION PRACTICES,,9000,,,ANNUAL,2017-10-12 12:04:13.000,00,US TOTAL,NATIONAL,FIELD CROPS,00000000,CORN
UNITED STATES,SURVEY,YIELD,CROPS,"CORN, GRAIN - YIELD, MEASURED IN BU / ACRE",00,169.9,2017,GRAIN,,99,YEAR - SEP FORECAST,US,TOTAL,,BU / ACRE,US TOTAL,,,,,NOT SPECIFIED,ALL CLASSES,,,,ALL PRODUCTION PRACTICES,,9000,,,ANNUAL,2017-09-12 12:01:44.000,00,US TOTAL,NATIONAL,FIELD CROPS,00000000,CORN
UNITED STATES,SURVEY,YIELD,CROPS,"CORN, GRAIN - YIELD, MEASURED IN BU / ACRE",00,176.4,2018,GRAIN,,99,YEAR,US,TOTAL,,BU / ACRE,US TOTAL,,,,,NOT SPECIFIED,ALL CLASSES,,,,ALL PRODUCTION PRACTICES,,9000,,,ANNUAL,2024-01-09 15:00:00.000,00,US TOTAL,NATIONAL,FIELD CROPS,00000000,CORN
UNITED STATES,SURVEY,YIELD,CROPS,"CORN, GRAIN - YIELD, MEASURED IN BU / ACRE",00,178.4,2018,GRAIN,,99,YEAR - AUG FORECAST,US,TOTAL,,BU / ACRE,US TOTAL,,,,,NOT SPECIFIED,ALL CLASSES,,,,ALL PRODUCTION PRACTICES,,9000,,,ANNUAL,2018-08-10 12:01:40.000,00,US TOTAL,NATIONAL,FIELD CROPS,00000000,CORN
UNITED STATES,SURVEY,YIELD,CROPS,"CORN, GRAIN - YIELD, MEASURED IN BU / ACRE",00,178.9,2018,GRAIN,,99,YEAR - NOV FORECAST,US,TOTAL,,BU / ACRE,US TOTAL,,,,,NOT SPECIFIED,ALL CLASSES,,,,ALL PRODUCTION PRACTICES,,9000,,,ANNUAL,2018-11-08 12:01:20.000,00,US TOTAL,NATIONAL,FIELD CROPS,00000000,CORN
UNITED STATES,SURVEY,YIELD,CROPS,"CORN, GRAIN - YIELD, MEASURED IN BU / ACRE",00,180.7,2018,GRAIN,,99,YEAR - OCT FORECAST,US,TOTAL,,BU / ACRE,US TOTAL,,,,,NOT SPECIFIED,ALL CLASSES,,,,ALL PRODUCTION PRACTICES,,9000,,,ANNUAL,2018-10-11 12:02:09.000,00,US TOTAL,NATIONAL,FIELD CROPS,00000000,CORN
UNITED STATES,SURVEY,YIELD,CROPS,"CORN, GRAIN - YIELD, MEASURED IN BU / ACRE",00,181.3,2018,GRAIN,,99,YEAR - SEP FORECAST,US,TOTAL,,BU / ACRE,US TOTAL,,,,,NOT SPECIFIED,ALL CLASSES,,,,ALL PRODUCTION PRACTICES,,9000,,,ANNUAL,2018-09-12 12:02:09.000,00,US TOTAL,NATIONAL,FIELD CROPS,00000000,CORN
UNITED STATES,SURVEY,YIELD,CROPS,"CORN, GRAIN - YIELD, MEASURED IN BU / ACRE",00,167.5,2019,GRAIN,,99,YEAR,US,TOTAL,,BU / ACRE,US TOTAL,,,,,NOT SPECIFIED,ALL CLASSES,,,,ALL PRODUCTION PRACTICES,,9000,,,ANNUAL,2024-01-09 15:00:00.000,00,US TOTAL,NATIONAL,FIELD CROPS,00000000,CORN
UNITED STATES,SURVEY,YIELD,CROPS,"CORN, GRAIN - YIELD, MEASURED IN BU / ACRE",00,169.5,2019,GRAIN,,99,YEAR - AUG FORECAST,US,TOTAL,,BU / ACRE,US TOTAL,,,,,NOT SPECIFIED,ALL CLASSES,,,,ALL PRODUCTION PRACTICES,,9000,,,ANNUAL,2019-08-12 12:01:08.000,00,US TOTAL,NATIONAL,FIELD CROPS,00000000,CORN
UNITED STATES,SURVEY,YIELD,CROPS,"CORN, GRAIN - YIELD, MEASURED IN BU / ACRE",00,167,2019,GRAIN,,99,YEAR - NOV FORECAST,US,TOTAL,,BU / ACRE,US TOTAL,,,,,NOT SPECIFIED,ALL CLASSES,,,,ALL PRODUCTION PRACTICES,,9000,,,ANNUAL,2019-11-08 12:00:46.000,00,US TOTAL,NATIONAL,FIELD CROPS,00000000,CORN
UNITED STATES,SURVEY,YIELD,CROPS,"CORN, GRAIN - YIELD, MEASURED IN BU / ACRE",00,168.4,2019,GRAIN,,99,YEAR - OCT FORECAST,US,TOTAL,,BU / ACRE,US TOTAL,,,,,NOT SPECIFIED,ALL CLASSES,,,,ALL PRODUCTION PRACTICES,,9000,,,ANNUAL,2019-10-10 12:03:54.000,00,US TOTAL,NATIONAL,FIELD CROPS,00000000,CORN
UNITED STATES,SURVEY,YIELD,CROPS,"CORN, GRAIN - YIELD, MEASURED IN BU / ACRE",00,168.2,2019,GRAIN,,99,YEAR - SEP FORECAST,US,TOTAL,,BU / ACRE,US TOTAL,,,,,NOT SPECIFIED,ALL CLASSES,,,,ALL PRODUCTION PRACTICES,,9000,,,ANNUAL,2019-09-12 12:01:19.000,00,US TOTAL,NATIONAL,FIELD CROPS,00000000,CORN
UNITED STATES,SURVEY,YIELD,CROPS,"CORN, GRAIN - YIELD, MEASURED IN BU / ACRE",00,171.4,2020,GRAIN,,99,YEAR,US,TOTAL,,BU / ACRE,US TOTAL,,,,,NOT SPECIFIED,ALL CLASSES,,,,ALL PRODUCTION PRACTICES,,9000,,,ANNUAL,2024-01-09 15:00:00.000,00,US TOTAL,NATIONAL,FIELD CROPS,00000000,CORN
UNITED STATES,SURVEY,YIELD,CROPS,"CORN, GRAIN - YIELD, MEASURED IN BU / ACRE",00,181.8,2020,GRAIN,,99,YEAR - AUG FORECAST,US,TOTAL,,BU / ACRE,US TOTAL,,,,,NOT SPECIFIED,ALL CLASSES,,,,ALL PRODUCTION PRACTICES,,9000,,,ANNUAL,2020-08-12 12:04:12.000,00,US TOTAL,NATIONAL,FIELD CROPS,00000000,CORN
UNITED STATES,SURVEY,YIELD,CROPS,"CORN, GRAIN - YIELD, MEASURED IN BU / ACRE",00,175.8,2020,GRAIN,,99,YEAR - NOV FORECAST,US,TOTAL,,BU / ACRE,US TOTAL,,,,,NOT SPECIFIED,ALL CLASSES,,,,ALL PRODUCTION PRACTICES,,9000,,,ANNUAL,2020-11-10 12:02:34.000,00,US TOTAL,NATIONAL,FIELD CROPS,00000000,CORN
UNITED STATES,SURVEY,YIELD,CROPS,"CORN, GRAIN - YIELD, MEASURED IN BU / ACRE",00,178.4,2020,GRAIN,,99,YEAR - OCT FORECAST,US,TOTAL,,BU / ACRE,US TOTAL,,,,,NOT SPECIFIED,ALL CLASSES,,,,ALL PRODUCTION PRACTICES,,9000,,,ANNUAL,2020-10-09 12:01:33.000,00,US TOTAL,NATIONAL,FIELD CROPS,00000000,CORN
UNITED STATES,SURVEY,YIELD,CROPS,"CORN, GRAIN - YIELD, MEASURED IN BU / ACRE",00,178.5,2020,GRAIN,,99,YEAR - SEP FORECAST,US,TOTAL,,BU / ACRE,US TOTAL,,,,,NOT SPECIFIED,ALL CLASSES,,,,ALL PRODUCTION PRACTICES,,9000,,,ANNUAL,2020-09-11 12:03:32.000,00,US TOTAL,NATIONAL,FIELD CROPS,00000000,CORN
UNITED STATES,SURVEY,YIELD,CROPS,"CORN, GRAIN - YIELD, MEASURED IN BU / ACRE",00,176.7,2021,GRAIN,,99,YEAR,US,TOTAL,,BU / ACRE,US TOTAL,,,,,NOT SPECIFIED,ALL CLASSES,,,,ALL PRODUCTION PRACTICES,,9000,,,ANNUAL,2024-01-09 15:00:00.000,00,US TOTAL,NATIONAL,FIELD CROPS,00000000,CORN
UNITED STATES,SURVEY,YIELD,CROPS,"CORN, GRAIN - YIELD, MEASURED IN BU / ACRE",00,174.6,2021,GRAIN,,99,YEAR - AUG FORECAST,US,TOTAL,,BU / ACRE,US TOTAL,,,,,NOT SPECIFIED,ALL CLASSES,,,,ALL PRODUCTION PRACTICES,,9000,,,ANNUAL,2021-08-12 12:01:34.000,00,US TOTAL,NATIONAL,FIELD CROPS,00000000,CORN
UNITED STATES,SURVEY,YIELD,CROPS,"CORN, GRAIN - YIELD, MEASURED IN BU / ACRE",00,177,2021,GRAIN,,99,YEAR - NOV FORECAST,US,TOTAL,,BU / ACRE,US TOTAL,,,,,NOT SPECIFIED,ALL CLASSES,,,,ALL PRODUCTION PRACTICES,,9000,,,ANNUAL,2021-11-09 12:02:06.000,00,US TOTAL,NATIONAL,FIELD CROPS,00000000,CORN
UNITED STATES,SURVEY,YIELD,CROPS,"CORN, GRAIN - YIELD, MEASURED IN BU / ACRE",00,176.5,2021,GRAIN,,99,YEAR - OCT FORECAST,US,TOTAL,,BU / ACRE,US TOTAL,,,,,NOT SPECIFIED,ALL CLASSES,,,,ALL PRODUCTION PRACTICES,,9000,,,ANNUAL,2021-10-12 12:01:38.000,00,US TOTAL,NATIONAL,FIELD CROPS,00000000,CORN
UNITED STATES,SURVEY,YIELD,CROPS,"CORN, GRAIN - YIELD, MEASURED IN BU / ACRE",00,176.3,2021,GRAIN,,99,YEAR - SEP FORECAST,US,TOTAL,,BU / ACRE,US TOTAL,,,,,NOT SPECIFIED,ALL CLASSES,,,,ALL PRODUCTION PRACTICES,,9000,,,ANNUAL,2021-09-10 12:08:17.000,00,US TOTAL,NATIONAL,FIELD CROPS,00000000,CORN
UNITED STATES,SURVEY,YIELD,CROPS,"CORN, GRAIN - YIELD, MEASURED IN BU / ACRE",00,173.4,2022,GRAIN,,99,YEAR,US,TOTAL,,BU / ACRE,US TOTAL,,,,,NOT SPECIFIED,ALL CLASSES,,,,ALL PRODUCTION PRACTICES,,9000,,,ANNUAL,2024-01-09 15:00:00.000,00,US TOTAL,NATIONAL,FIELD CROPS,00000000,CORN
UNITED STATES,SURVEY,YIELD,CROPS,"CORN, GRAIN - YIELD, MEASURED IN BU / ACRE",00,175.4,2022,GRAIN,,99,YEAR - AUG FORECAST,US,TOTAL,,BU / ACRE,US TOTAL,,,,,NOT SPECIFIED,ALL CLASSES,,,,ALL PRODUCTION PRACTICES,,9000,,,ANNUAL,2022-08-12 12:00:52.000,00,US TOTAL,NATIONAL,FIELD CROPS,00000000,CORN
UNITED STATES,SURVEY,YIELD,CROPS,"CORN, GRAIN - YIELD, MEASURED IN BU / ACRE",00,172.3,2022,GRAIN,,99,YEAR - NOV FORECAST,US,TOTAL,,BU / ACRE,US TOTAL,,,,,NOT SPECIFIED,ALL CLASSES,,,,ALL PRODUCTION PRACTICES,,9000,,,ANNUAL,2022-11-09 12:00:00.000,00,US TOTAL,NATIONAL,FIELD CROPS,00000000,CORN
UNITED STATES,SURVEY,YIELD,CROPS,"CORN, GRAIN - YIELD, MEASURED IN BU / ACRE",00,171.9,2022,GRAIN,,99,YEAR - OCT FORECAST,US,TOTAL,,BU / ACRE,US TOTAL,,,,,NOT SPECIFIED,ALL CLASSES,,,,ALL PRODUCTION PRACTICES,,9000,,,ANNUAL,2022-10-12 12:00:00.000,00,US TOTAL,NATIONAL,FIELD CROPS,00000000,CORN
UNITED STATES,SURVEY,YIELD,CROPS,"CORN, GRAIN - YIELD, MEASURED IN BU / ACRE",00,172.5,2022,GRAIN,,99,YEAR - SEP FORECAST,US,TOTAL,,BU / ACRE,US TOTAL,,,,,NOT SPECIFIED,ALL CLASSES,,,,ALL PRODUCTION PRACTICES,,9000,,,ANNUAL,2022-09-12 12:03:33.000,00,US TOTAL,NATIONAL,FIELD CROPS,00000000,CORN
UNITED STATES,SURVEY,YIELD,CROPS,"CORN, GRAIN - YIELD, MEASURED IN BU / ACRE",00,177.3,2023,GRAIN,,99,YEAR,US,TOTAL,,BU / ACRE,US TOTAL,,,,,NOT SPECIFIED,ALL CLASSES,,,,ALL PRODUCTION PRACTICES,,9000,,,ANNUAL,2024-09-30 12:00:00.000,00,US TOTAL,NATIONAL,FIELD CROPS,00000000,CORN
UNITED STATES,SURVEY,YIELD,CROPS,"CORN, GRAIN - YIELD, MEASURED IN BU / ACRE",00,175.1,2023,GRAIN,,99,YEAR - AUG FORECAST,US,TOTAL,,BU / ACRE,US TOTAL,,,,,NOT SPECIFIED,ALL CLASSES,,,,ALL PRODUCTION PRACTICES,,9000,,,ANNUAL,2023-08-11 12:00:00.000,00,US TOTAL,NATIONAL,FIELD CROPS,00000000,CORN
UNITED STATES,SURVEY,YIELD,CROPS,"CORN, GRAIN - YIELD, MEASURED IN BU / ACRE",00,174.9,2023,GRAIN,,99,YEAR - NOV FORECAST,US,TOTAL,,BU / ACRE,US TOTAL,,,,,NOT SPECIFIED,ALL CLASSES,,,,ALL PRODUCTION PRACTICES,,9000,,,ANNUAL,2023-11-09 12:00:00.000,00,US TOTAL,NATIONAL,FIELD CROPS,00000000,CORN
UNITED STATES,SURVEY,YIELD,CROPS,"CORN, GRAIN - YIELD, MEASURED IN BU / ACRE",00,173,2023,GRAIN,,99,YEAR - OCT FORECAST,US,TOTAL,,BU / ACRE,US TOTAL,,,,,NOT SPECIFIED,ALL CLASSES,,,,ALL PRODUCTION PRACTICES,,9000,,,ANNUAL,2023-10-12 12:00:00.000,00,US TOTAL,NATIONAL,FIELD CROPS,00000000,CORN
UNITED STATES,SURVEY,YIELD,CROPS,"CORN, GRAIN - YIELD, MEASURED IN BU / ACRE",00,173.8,2023,GRAIN,,99,YEAR - SEP FORECAST,US,TOTAL,,BU / ACRE,US TOTAL,,,,,NOT SPECIFIED,ALL CLASSES,,,,ALL PRODUCTION PRACTICES,,9000,,,ANNUAL,2023-09-12 12:00:00.000,00,US TOTAL,NATIONAL,FIELD CROPS,00000000,CORN
UNITED STATES,CENSUS,YIELD,CROPS,"CORN, GRAIN, IRRIGATED, ENTIRE CROP - YIELD, MEASURED IN BU / ACRE",00,158.9,2002,GRAIN,,99,YEAR,US,TOTAL,,BU / ACRE,US TOTAL,,,,,NOT SPECIFIED,ALL CLASSES,,,,"IRRIGATED, ENTIRE CROP",,9000,,,ANNUAL,2012-01-01 00:00:00.000,00,US TOTAL,NATIONAL,FIELD CROPS,00000000,CORN
UNITED STATES,CENSUS,YIELD,CROPS,"CORN, GRAIN, IRRIGATED, NONE OF CROP - YIELD, MEASURED IN BU / ACRE",00,122.5,2002,GRAIN,,99,YEAR,US,TOTAL,,BU / ACRE,US TOTAL,,,,,NOT SPECIFIED,ALL CLASSES,,,,"IRRIGATED, NONE OF CROP",,9000,,,ANNUAL,2012-01-01 00:00:00.000,00,US TOTAL,NATIONAL,FIELD CROPS,00000000,CORN
UNITED STATES,CENSUS,YIELD,CROPS,"CORN, GRAIN, IRRIGATED, PART OF CROP - YIELD, MEASURED IN BU / ACRE",00,127.4,2002,GRAIN,,99,YEAR,US,TOTAL,,BU / ACRE,US TOTAL,,,,,NOT SPECIFIED,ALL CLASSES,,,,"IRRIGATED, PART OF CROP",,9000,,,ANNUAL,2012-01-01 00:00:00.000,00,US TOTAL,NATIONAL,FIELD CROPS,00000000,CORN
UNITED STATES,CENSUS,YIELD,CROPS,"CORN, GRAIN, IRRIGATED, ENTIRE CROP - YIELD, MEASURED IN BU / ACRE",00,180,2007,GRAIN,,99,YEAR,US,TOTAL,,BU / ACRE,US TOTAL,,,,,NOT SPECIFIED,ALL CLASSES,,,,"IRRIGATED, ENTIRE CROP",,9000,,,ANNUAL,2012-01-01 00:00:00.000,00,US TOTAL,NATIONAL,FIELD CROPS,00000000,CORN
UNITED STATES,CENSUS,YIELD,CROPS,"CORN, GRAIN, IRRIGATED, NONE OF CROP - YIELD, MEASURED IN BU / ACRE",00,144.3,2007,GRAIN,,99,YEAR,US,TOTAL,,BU / ACRE,US TOTAL,,,,,NOT SPECIFIED,ALL CLASSES,,,,"IRRIGATED, NONE OF CROP",,9000,,,ANNUAL,2012-01-01 00:00:00.000,00,US TOTAL,NATIONAL,FIELD CROPS,00000000,CORN
UNITED STATES,CENSUS,YIELD,CROPS,"CORN, GRAIN, IRRIGATED, PART OF CROP - YIELD, MEASURED IN BU / ACRE",00,150,2007,GRAIN,,99,YEAR,US,TOTAL,,BU / ACRE,US TOTAL,,,,,NOT SPECIFIED,ALL CLASSES,,,,"IRRIGATED, PART OF CROP",,9000,,,ANNUAL,2012-01-01 00:00:00.000,00,US TOTAL,NATIONAL,FIELD CROPS,00000000,CORN
UNITED STATES,CENSUS,YIELD,CROPS,"CORN, GRAIN, IRRIGATED, ENTIRE CROP - YIELD, MEASURED IN BU / ACRE",00,171.1,2012,GRAIN,,99,YEAR,US,TOTAL,,BU / ACRE,US TOTAL,,,,,NOT SPECIFIED,ALL CLASSES,,,2.1,"IRRIGATED, ENTIRE CROP",,9000,,,ANNUAL,2012-12-31 00:00:00.000,00,US TOTAL,NATIONAL,FIELD CROPS,00000000,CORN
UNITED STATES,CENSUS,YIELD,CROPS,"CORN, GRAIN, IRRIGATED, NONE OF CROP - YIELD, MEASURED IN BU / ACRE",00,111.1,2012,GRAIN,,99,YEAR,US,TOTAL,,BU / ACRE,US TOTAL,,,,,NOT SPECIFIED,ALL CLASSES,,,(L),"IRRIGATED, NONE OF CROP",,9000,,,ANNUAL,2012-12-31 00:00:00.000,00,US TOTAL,NATIONAL,FIELD CROPS,00000000,CORN
UNITED STATES,CENSUS,YIELD,CROPS,"CORN, GRAIN, IRRIGATED, PART OF CROP - YIELD, MEASURED IN BU / ACRE",00,129.4,2012,GRAIN,,99,YEAR,US,TOTAL,,BU / ACRE,US TOTAL,,,,,NOT SPECIFIED,ALL CLASSES,,,2.4,"IRRIGATED, PART OF CROP",,9000,,,ANNUAL,2012-12-31 00:00:00.000,00,US TOTAL,NATIONAL,FIELD CROPS,00000000,CORN
UNITED STATES,CENSUS,YIELD,CROPS,"CORN, GRAIN, IRRIGATED - YIELD, MEASURED IN BU / ACRE",00,191,2013,GRAIN,,99,YEAR,US,"IRRIGATION METHOD, PRIMARY",,BU / ACRE,US TOTAL,,,,,"IRRIGATION METHOD, PRIMARY: (GRAVITY)",ALL CLASSES,,,,IRRIGATED,,9000,,,ANNUAL,2012-12-31 00:00:00.000,00,US TOTAL,NATIONAL,FIELD CROPS,00000000,CORN
UNITED STATES,CENSUS,YIELD,CROPS,"CORN, GRAIN, IRRIGATED - YIELD, MEASURED IN BU / ACRE",00,197,2013,GRAIN,,99,YEAR,US,"IRRIGATION METHOD, PRIMARY",,BU / ACRE,US TOTAL,,,,,"IRRIGATION METHOD, PRIMARY: (PRESSURE)",ALL CLASSES,,,,IRRIGATED,,9000,,,ANNUAL,2012-12-31 00:00:00.000,00,US TOTAL,NATIONAL,FIELD CROPS,00000000,CORN
UNITED STATES,CENSUS,YIELD,CROPS,"CORN, GRAIN, IRRIGATED - YIELD, MEASURED IN BU / ACRE",00,196,2013,GRAIN,,99,YEAR,US,TOTAL,,BU / ACRE,US TOTAL,,,,,NOT SPECIFIED,ALL CLASSES,,,,IRRIGATED,,9000,,,ANNUAL,2012-12-31 00:00:00.000,00,US TOTAL,NATIONAL,FIELD CROPS,00000000,CORN
UNITED STATES,CENSUS,YIELD,CROPS,"CORN, GRAIN, NON-IRRIGATED - YIELD, MEASURED IN BU / ACRE",00,129,2013,GRAIN,,99,YEAR,US,IRRIGATION STATUS,,BU / ACRE,US TOTAL,,,,,IRRIGATION STATUS: (ANY ON OPERATION),ALL CLASSES,,,,NON-IRRIGATED,,9000,,,ANNUAL,2012-12-31 00:00:00.000,00,US TOTAL,NATIONAL,FIELD CROPS,00000000,CORN
UNITED STATES,CENSUS,YIELD,CROPS,"CORN, GRAIN, IRRIGATED, ENTIRE CROP - YIELD, MEASURED IN BU / ACRE",00,193,2017,GRAIN,,99,YEAR,US,TOTAL,,BU / ACRE,US TOTAL,,,,,NOT SPECIFIED,ALL CLASSES,,,0.9,"IRRIGATED, ENTIRE CROP",,9000,,,ANNUAL,2018-02-01 00:00:00.000,00,US TOTAL,NATIONAL,FIELD CROPS,00000000,CORN
UNITED STATES,CENSUS,YIELD,CROPS,"CORN, GRAIN, IRRIGATED, NONE OF CROP - YIELD, MEASURED IN BU / ACRE",00,172.7,2017,GRAIN,,99,YEAR,US,TOTAL,,BU / ACRE,US TOTAL,,,,,NOT SPECIFIED,ALL CLASSES,,,(L),"IRRIGATED, NONE OF CROP",,9000,,,ANNUAL,2018-02-01 00:00:00.000,00,US TOTAL,NATIONAL,FIELD CROPS,00000000,CORN
UNITED STATES,CENSUS,YIELD,CROPS,"CORN, GRAIN, IRRIGATED, PART OF CROP - YIELD, MEASURED IN BU / ACRE",00,175.3,2017,GRAIN,,99,YEAR,US,TOTAL,,BU / ACRE,US TOTAL,,,,,NOT SPECIFIED,ALL CLASSES,,,1.0,"IRRIGATED, PART OF CROP",,9000,,,ANNUAL,2018-02-01 00:00:00.000,00,US TOTAL,NATIONAL,FIELD CROPS,00000000,CORN
UNITED STATES,CENSUS,YIELD,CROPS,"CORN, GRAIN, IRRIGATED - YIELD, MEASURED IN BU / ACRE",00,190,2018,GRAIN,,99,YEAR,US,"IRRIGATION METHOD, PRIMARY",,BU / ACRE,US TOTAL,,,,,"IRRIGATION METHOD, PRIMARY: (GRAVITY)",ALL CLASSES,,,0.6,IRRIGATED,,9000,,,ANNUAL,2018-02-01 00:00:00.000,00,US TOTAL,NATIONAL,FIELD CROPS,00000000,CORN
UNITED STATES,CENSUS,YIELD,CROPS,"CORN, GRAIN, IRRIGATED - YIELD, MEASURED IN BU / ACRE",00,212,2018,GRAIN,,99,YEAR,US,"IRRIGATION METHOD, PRIMARY",,BU / ACRE,US TOTAL,,,,,"IRRIGATION METHOD, PRIMARY: (PRESSURE)",ALL CLASSES,,,0.4,IRRIGATED,,9000,,,ANNUAL,2018-02-01 00:00:00.000,00,US TOTAL,NATIONAL,FIELD CROPS,00000000,CORN
UNITED STATES,CENSUS,YIELD,CROPS,"CORN, GRAIN, IRRIGATED - YIELD, MEASURED IN BU / ACRE",00,210,2018,GRAIN,,99,YEAR,US,TOTAL,,BU / ACRE,US TOTAL,,,,,NOT SPECIFIED,ALL CLASSES,,,0.4,IRRIGATED,,9000,,,ANNUAL,2018-02-01 00:00:00.000,00,US TOTAL,NATIONAL,FIELD CROPS,00000000,CORN
UNITED STATES,CENSUS,YIELD,CROPS,"CORN, GRAIN, IRRIGATED, ENTIRE CROP - YIELD, MEASURED IN BU / ACRE",00,185.5,2022,GRAIN,,99,YEAR,US,TOTAL,,BU / ACRE,US TOTAL,,,,,NOT SPECIFIED,ALL CLASSES,,,0.7,"IRRIGATED, ENTIRE CROP",,9000,,,ANNUAL,2024-07-02 12:00:00.000,00,US TOTAL,NATIONAL,FIELD CROPS,00000000,CORN
UNITED STATES,CENSUS,YIELD,CROPS,"CORN, GRAIN, IRRIGATED, NONE OF CROP - YIELD, MEASURED IN BU / ACRE",00,169.9,2022,GRAIN,,99,YEAR,US,TOTAL,,BU / ACRE,US TOTAL,,,,,NOT SPECIFIED,ALL CLASSES,,,0.5,"IRRIGATED, NONE OF CROP",,9000,,,ANNUAL,2024-07-02 12:00:00.000,00,US TOTAL,NATIONAL,FIELD CROPS,00000000,CORN
UNITED STATES,CENSUS,YIELD,CROPS,"CORN, GRAIN, IRRIGATED, PART OF CROP - YIELD, MEASURED IN BU / ACRE",00,166.8,2022,GRAIN,,99,YEAR,US,TOTAL,,BU / ACRE,US TOTAL,,,,,NOT SPECIFIED,ALL CLASSES,,,0.6,"IRRIGATED, PART OF CROP",,9000,,,ANNUAL,2024-07-02 12:00:00.000,00,US TOTAL,NATIONAL,FIELD CROPS,00000000,CORN
