iso3,year,arable_land
BRA,1961,2.82694475086562
BRA,1962,2.89023634444984
BRA,1963,2.95364758187826
BRA,1964,3.01693917546248
BRA,1965,3.0802307690467
BRA,1966,3.14352236263092
BRA,1967,3.20681395621514
BRA,1968,3.27010554979936
BRA,1969,3.33339714338358
BRA,1970,3.37467426963415
BRA,1971,3.50903430667589
BRA,1972,3.64339434371762
BRA,1973,3.77763473691515
BRA,1974,3.91199477395689
BRA,1975,4.04659409868703
BRA,1976,4.37501645102858
BRA,1977,4.70331915952592
BRA,1978,5.03174151186747
BRA,1979,5.36004422036482
BRA,1980,5.68861110247017
BRA,1981,5.80787112922253
BRA,1982,5.92715604189449
BRA,1983,6.04644095456645
BRA,1984,6.1657258672384
BRA,1985,6.33008145352913
BRA,1986,6.19683326673159
BRA,1987,6.0636696681319
BRA,1988,5.93038642568801
BRA,1989,5.79722282708832
BRA,1990,5.66393958464443
BRA,1991,5.53065634220054
BRA,1992,5.39749274360085
BRA,1993,5.26420950115696
BRA,1994,5.13104590255727
BRA,1995,5.09240094087919
BRA,1996,5.16143543898523
BRA,1997,5.23046993709127
BRA,1998,5.2995044351973
BRA,1999,5.36853893330334
BRA,2000,5.43757343140938
BRA,2001,5.50660792951542
BRA,2002,5.57564242762146
BRA,2003,5.64467692572749
BRA,2004,5.71371142383353
BRA,2005,5.78274592193957
BRA,2006,5.85225899542243
BRA,2007,5.92679711036187
BRA,2008,6.00121558145712
BRA,2009,6.07575369639657
BRA,2010,6.15029181133602
BRA,2011,6.22471028243126
BRA,2012,6.29924839737071
BRA,2013,6.37366686846595
BRA,2014,6.4482049834054
BRA,2015,6.52274309834485
BRA,2016,6.59716156944009
BRA,2017,6.67158004053533
BRA,2018,6.66870858827442
BRA,2019,6.66583713601351
BRA,2020,6.66296568375261
BRA,2021,6.6600942314917
BRA,2022,6.65722277923079
BRA,2023,6.65722277923079
FRA,1961,36.3781426848502
FRA,1962,36.2371277483997
FRA,1963,36.0979682716393
FRA,1964,35.3984599684572
FRA,1965,34.8752203358382
FRA,1966,34.2573522590222
FRA,1967,33.5392893589387
FRA,1968,32.61712589294
FRA,1969,32.591149457278
FRA,1970,32.3165414231376
FRA,1971,31.6467204749977
FRA,1972,31.5929121439837
FRA,1973,31.7209388626032
FRA,1974,32.0586325262084
FRA,1975,32.160682809166
FRA,1976,31.7858799517581
FRA,1977,32.0345115502366
FRA,1978,32.1977920029687
FRA,1979,32.2868540680954
FRA,1980,32.4185917060952
FRA,1981,32.5187865293627
FRA,1982,32.7507189906299
FRA,1983,32.7841172650524
FRA,1984,33.0438816216718
FRA,1985,33.2554040263475
FRA,1986,33.3945635031079
FRA,1987,33.7081361907413
FRA,1988,33.0513034604323
FRA,1989,32.8600055663791
FRA,1990,32.9989794971704
FRA,1991,33.0852583727618
FRA,1992,33.114203543928
FRA,1993,33.4609889600148
FRA,1994,33.5767696446795
FRA,1995,33.7194544948511
FRA,1996,33.7786436589665
FRA,1997,33.8994340847945
FRA,1998,33.9883106039521
FRA,1999,34.053437239076
FRA,2000,34.0558493366732
FRA,2001,34.040077929307
FRA,2002,34.0875776973745
FRA,2003,34.0565915205492
FRA,2004,34.081083588459
FRA,2005,34.0988960014844
FRA,2006,34.027275257445
FRA,2007,33.9293069858057
FRA,2008,33.8968364412283
FRA,2009,33.8736431951016
FRA,2010,33.9562111513127
FRA,2011,33.9074125614621
FRA,2012,33.9209574172001
FRA,2013,33.9654884497634
FRA,2014,34.0163280452732
FRA,2015,34.2864829761573
FRA,2016,34.0586622135634
FRA,2017,34.2598886724186
FRA,2018,33.6328045273216
FRA,2019,33.2921152240468
FRA,2020,31.5143631134614
FRA,2021,31.5621764542165
FRA,2022,31.5249188236386
FRA,2023,31.3558697467298
IND,1961,52.4036472610227
IND,1962,52.7043344017705
IND,1963,52.9633154961506
IND,1964,53.0514363360566
IND,1965,53.2142244525241
IND,1966,53.3400152697944
IND,1967,53.7402587792909
IND,1968,53.8374607744544
IND,1969,53.8061812396786
IND,1970,54.0026032645071
IND,1971,53.7321866412843
IND,1972,53.8768124472368
IND,1973,54.1653913809746
IND,1974,54.3190983421847
IND,1975,54.4324446133614
IND,1976,54.5061028726721
IND,1977,54.5067755508393
IND,1978,54.9036556694998
IND,1979,54.9726051816399
IND,1980,54.7741651223097
IND,1981,54.7936727891591
IND,1982,54.906010043085
IND,1983,54.7331317541092
IND,1984,55.0311281821881
IND,1985,55.0048937336665
IND,1986,54.9608333137136
IND,1987,54.892220140657
IND,1988,54.7788738694803
IND,1989,54.9833680323155
IND,1990,54.9776502678941
IND,1991,54.884484341734
IND,1992,54.7243869379354
IND,1993,54.6840262479021
IND,1994,54.6635095638018
IND,1995,54.456997366465
IND,1996,54.1590009383861
IND,1997,54.3527322505457
IND,1998,54.2881551464925
IND,1999,54.1421839842055
IND,2000,54.127048725443
IND,2001,53.9235635798587
IND,2002,53.959551861805
IND,2003,53.7466492218795
IND,2004,53.7069612100135
IND,2005,53.6272488471978
IND,2006,53.3642316838144
IND,2007,53.1489746703036
IND,2008,53.1398935150461
IND,2009,53.1160134401098
IND,2010,52.8082631786061
IND,2011,52.7981730060978
IND,2012,52.6525381828945
IND,2013,52.617558918199
IND,2014,52.6246220389548
IND,2015,52.6078050847743
IND,2016,52.5755165327477
IND,2017,52.433581439464
IND,2018,52.2933280415984
IND,2019,52.2566670814849
IND,2020,51.9383557727559
IND,2021,51.8513672856427
IND,2022,51.8054794009128
IND,2023,51.752057554344
NGA,1961,25.9955861523766
NGA,1962,26.1569880430844
NGA,1963,26.3194879058379
NGA,1964,26.4808897965458
NGA,1965,26.6422916872536
NGA,1966,26.8047915500071
NGA,1967,26.966193440715
NGA,1968,27.1286933034685
NGA,1969,27.2900951941764
NGA,1970,27.4514970848842
NGA,1971,27.6139969476377
NGA,1972,27.7753988383456
NGA,1973,27.9368007290534
NGA,1974,28.0993005918069
NGA,1975,28.2607024825148
NGA,1976,28.4221043732227
NGA,1977,28.5846042359762
NGA,1978,28.746006126684
NGA,1979,28.9074080173919
NGA,1980,29.0699078801454
NGA,1981,29.2313097708532
NGA,1982,29.3938096336067
NGA,1983,29.5552115243146
NGA,1984,29.7166134150225
NGA,1985,29.879113277776
NGA,1986,30.0405151684838
NGA,1987,30.1744677580509
NGA,1988,30.4270013285462
NGA,1989,30.6202444085774
NGA,1990,30.8244672090649
NGA,1991,31.8411893233198
NGA,1992,33.0489585735147
NGA,1993,33.0489585735147
NGA,1994,34.0371334145833
NGA,1995,36.1232803012835
NGA,1996,36.3428747104099
NGA,1997,36.452671914973
NGA,1998,37.3310495514784
NGA,1999,38.4290215971101
NGA,2000,38.4290215971101
NGA,2001,39.1438013988164
NGA,2002,39.1844263645048
NGA,2003,39.2184634979193
NGA,2004,39.2535986033796
NGA,2005,39.2876357367941
NGA,2006,39.3227708422544
NGA,2007,39.3568079756689
NGA,2008,39.3919430811292
NGA,2009,40.4844252665327
NGA,2010,39.461115320004
NGA,2011,39.4951524534185
NGA,2012,39.5302875588788
NGA,2013,39.5643246922933
NGA,2014,39.5994597977536
NGA,2015,39.6334969311681
NGA,2016,39.6686320366283
NGA,2017,39.7026691700429
NGA,2018,39.9881419019072
NGA,2019,40.4844252665327
NGA,2020,40.4844252665327
NGA,2021,40.4844252665327
NGA,2022,40.4844252665327
NGA,2023,40.4844252665327
USA,1961,19.7216714561479
USA,1962,19.3357106046975
USA,1963,19.6063745228716
USA,1964,19.43080873811
USA,1965,19.3253382480107
USA,1966,19.1839466489645
USA,1967,19.0509621179697
USA,1968,19.7620690558753
USA,1969,20.6621712508844
USA,1970,20.6065972555836
USA,1971,20.5416335479137
USA,1972,20.4766698402439
USA,1973,20.4226244027706
USA,1974,20.3595168010342
USA,1975,20.3595168010342
USA,1976,20.3595168010342
USA,1977,20.3682514171915
USA,1978,20.6087809096229
USA,1979,20.6087809096229
USA,1980,20.6087809096229
USA,1981,20.6087809096229
USA,1982,20.5006900346764
USA,1983,20.5006900346764
USA,1984,20.5006900346764
USA,1985,20.5006900346764
USA,1986,20.5006900346764
USA,1987,20.2798134285989
USA,1988,20.2798134285989
USA,1989,20.2747473512277
USA,1990,20.2696812738564
USA,1991,20.2646151964852
USA,1992,20.085293526776
USA,1993,19.9457143605824
USA,1994,19.8523194773206
USA,1995,19.8472533999493
USA,1996,19.532872727908
USA,1997,19.3952588503498
USA,1998,19.301754784386
USA,1999,19.1641409068278
USA,2000,19.1528849848067
USA,2001,19.151313261849
USA,2002,18.8799945862876
USA,2003,18.6342900833013
USA,2004,18.3928163529042
USA,2005,18.1487285416157
USA,2006,17.9130815374943
USA,2007,17.6588154011386
USA,2008,17.5380978571007
USA,2009,17.3860510613922
USA,2010,17.2358768155392
USA,2011,17.0864234286826
USA,2012,16.9341433431503
USA,2013,16.9903285735213
USA,2014,17.0496535963146
USA,2015,17.103561900514
USA,2016,17.154019176992
USA,2017,17.2100806566223
USA,2018,17.0873260438462
USA,2019,16.9548167680067
USA,2020,16.8248090718476
USA,2021,16.6944952784501
USA,2022,16.5679749153313
USA,2023,16.5689915954444
