iso3,year,gdp
BRA,1960,17030465539.3906
BRA,1961,17275940449.3837
BRA,1962,19231747851.5332
BRA,1963,23287712878.2002
BRA,1964,20963733694.9749
BRA,1965,22465522884.0988
BRA,1966,28283323733.1114
BRA,1967,31086389194.961
BRA,1968,33930457425.2613
BRA,1969,37171640818.5863
BRA,1970,42327664793.6934
BRA,1971,48869830901.7878
BRA,1972,58434858374.8696
BRA,1973,83592275862.9982
BRA,1974,109794519727.538
BRA,1975,129203555238.827
BRA,1976,153168949208.207
BRA,1977,176344101401.941
BRA,1978,200278646123.581
BRA,1979,221338204480.222
BRA,1980,237393489892.637
BRA,1981,258015174748.648
BRA,1982,271314113768.417
BRA,1983,189656506321.431
BRA,1984,188339974086.58
BRA,1985,210879844638.877
BRA,1986,256480852471.129
BRA,1987,283056836893.838
BRA,1988,307881930752.268
BRA,1989,412990820287.42
BRA,1990,390725626002.866
BRA,1991,342609231342.783
BRA,1992,328187960871.951
BRA,1993,368295778245.09
BRA,1994,525369851353.742
BRA,1995,769333330411.575
BRA,1996,850426433004.077
BRA,1997,883206452795.124
BRA,1998,863711007325.493
BRA,1999,599642075004.471
BRA,2000,655448188259.351
BRA,2001,559983704094.17
BRA,2002,509795270685.19
BRA,2003,558233724164.711
BRA,2004,669289321944.512
BRA,2005,891633826625.407
BRA,2006,1107626711163.23
BRA,2007,1397114247188.89
BRA,2008,1695855391757.96
BRA,2009,1666996294252.12
BRA,2010,2208838108484.35
BRA,2011,2616156606579.21
BRA,2012,2465228293706.86
BRA,2013,2472819362043.74
BRA,2014,2456043766032.38
BRA,2015,1802211999456.42
BRA,2016,1795693265999.04
BRA,2017,2063514688805.78
BRA,2018,1916933708352.71
BRA,2019,1873288158838.63
BRA,2020,1476107292151.95
BRA,2021,1670647464062.96
BRA,2022,1951923832083.87
BRA,2023,2191131869706.02
FRA,1960,61959085885.3427
FRA,1961,67158050215.0488
FRA,1962,75196980365.0325
FRA,1963,84227606649.8725
FRA,1964,93424179943.3453
FRA,1965,100927668584.29
FRA,1966,109306730313.216
FRA,1967,118088635380.954
FRA,1968,128710572572.436
FRA,1969,140660914840.59
FRA,1970,147312861698.358
FRA,1971,164694210962.472
FRA,1972,201738881664.499
FRA,1973,261970536240.424
FRA,1974,282739225313.693
FRA,1975,357324307786.446
FRA,1976,368363152144.223
FRA,1977,406401711687.617
FRA,1978,501724418604.651
FRA,1979,608218624730.188
FRA,1980,694529183483.39
FRA,1981,609184791792.396
FRA,1982,578152310609.841
FRA,1983,553356312935.709
FRA,1984,525033325827.516
FRA,1985,547220981165.134
FRA,1986,764946585850.933
FRA,1987,926320855614.973
FRA,1988,1010827662151.75
FRA,1989,1016742237302.08
FRA,1990,1257649439826.53
FRA,1991,1258961748633.88
FRA,1992,1389663073110.28
FRA,1993,1314383368079.69
FRA,1994,1385822778827.98
FRA,1995,1595219345511.89
FRA,1996,1598889216566.23
FRA,1997,1449392222971.45
FRA,1998,1496906382032.47
FRA,1999,1486915879701.93
FRA,2000,1360959069477.49
FRA,2001,1370376677298.86
FRA,2002,1492427756382.43
FRA,2003,1835095983049.09
FRA,2004,2109792297237.03
FRA,2005,2192146403028.17
FRA,2006,2317861544690.82
FRA,2007,2655816911866.56
FRA,2008,2926802941585.86
FRA,2009,2700075882518.98
FRA,2010,2646230027988.34
FRA,2011,2870408553990.28
FRA,2012,2683007095787.23
FRA,2013,2816077607875.26
FRA,2014,2861236112552.42
FRA,2015,2442483452642.5
FRA,2016,2470407619777.13
FRA,2017,2588868323334.71
FRA,2018,2781576320884.39
FRA,2019,2722793515171.76
FRA,2020,2647926055110.05
FRA,2021,2966433692008.09
FRA,2022,2794788137066.94
FRA,2023,3056250648138.29
IND,1960,37029883876.1839
IND,1961,39232435784.0358
IND,1962,42161481858.0819
IND,1963,48421923459.1235
IND,1964,56480289940.9899
IND,1965,59556105229.0052
IND,1966,45581230504.071
IND,1967,50134942204.0
IND,1968,53085455870.6667
IND,1969,58447995017.3333
IND,1970,62422483054.6667
IND,1971,67351404351.833
IND,1972,71464700666.9869
IND,1973,85517673172.5513
IND,1974,99526597933.6331
IND,1975,98473832017.3242
IND,1976,102716451979.68
IND,1977,121486641441.309
IND,1978,137302319828.995
IND,1979,152995442497.709
IND,1980,186328579302.068
IND,1981,193491368445.573
IND,1982,200715624830.902
IND,1983,218262146413.158
IND,1984,212157645177.652
IND,1985,232511554840.372
IND,1986,248985994040.59
IND,1987,279033584092.223
IND,1988,296589670895.932
IND,1989,296042052944.66
IND,1990,320979026420.035
IND,1991,270105341879.226
IND,1992,288208070278.013
IND,1993,279295648982.529
IND,1994,327274843459.429
IND,1995,360281909643.489
IND,1996,392896866204.516
IND,1997,415867563592.829
IND,1998,421351317224.941
IND,1999,458821052615.79
IND,2000,468395521654.458
IND,2001,485440139204.171
IND,2002,514939140318.756
IND,2003,607700687237.318
IND,2004,709152728830.775
IND,2005,820383763511.445
IND,2006,940259888787.721
IND,2007,1216736438834.96
IND,2008,1198895139005.92
IND,2009,1341888016994.9
IND,2010,1675615519484.96
IND,2011,1823051829894.55
IND,2012,1827637590410.41
IND,2013,1856721507621.58
IND,2014,2039126479154.52
IND,2015,2103588360044.94
IND,2016,2294796885663.16
IND,2017,2651474262755.45
IND,2018,2702929641648.74
IND,2019,2835606256558.19
IND,2020,2674851578587.27
IND,2021,3167270623260.47
IND,2022,3346107287730.93
IND,2023,3638489096033.86
NGA,1960,4196174501.5302
NGA,1961,4467287893.08484
NGA,1962,4909399176.24033
NGA,1963,5165590253.7639
NGA,1964,5552931318.82747
NGA,1965,5874537650.18494
NGA,1966,6366917453.23302
NGA,1967,5203237918.70483
NGA,1968,5200997919.60083
NGA,1969,6634317346.27306
NGA,1970,12546094981.562
NGA,1971,9181769911.50443
NGA,1972,12274416017.7976
NGA,1973,15162871287.1287
NGA,1974,24846641318.1242
NGA,1975,27778934624.6973
NGA,1976,36308883248.731
NGA,1977,36035407725.3219
NGA,1978,36527862208.7133
NGA,1979,47259911894.2731
NGA,1980,64201788122.6054
NGA,1981,164475209515.939
NGA,1982,142769363314.176
NGA,1983,97094911792.0489
NGA,1984,73484359521.4887
NGA,1985,73745821158.2254
NGA,1986,54805852580.9129
NGA,1987,52676041931.1087
NGA,1988,49648470440.4593
NGA,1989,44003061108.4005
NGA,1990,54035795387.8086
NGA,1991,59526833412.3581
NGA,1992,52058181853.8055
NGA,1993,56721051402.4732
NGA,1994,80399613063.6364
NGA,1995,140919776986.364
NGA,1996,185730236700.0
NGA,1997,200850397618.182
NGA,1998,218416200672.727
NGA,1999,59145077039.1437
NGA,2000,69171451627.2465
NGA,2001,73557840064.489
NGA,2002,95054059302.6995
NGA,2003,104738954264.226
NGA,2004,135764731645.611
NGA,2005,175670569969.346
NGA,2006,238454997161.48
NGA,2007,278260846800.103
NGA,2008,339476276257.793
NGA,2009,295008835380.997
NGA,2010,366990417129.04
NGA,2011,414466676831.16
NGA,2012,463971018239.281
NGA,2013,520117180313.906
NGA,2014,574183763411.508
NGA,2015,493026682800.63
NGA,2016,404649125252.16
NGA,2017,375745731053.427
NGA,2018,421739251509.08
NGA,2019,668219992691.462
NGA,2020,598586817819.073
NGA,2021,609147716972.859
NGA,2022,646950257577.814
NGA,2023,487387801880.597
USA,1960,541988586206.897
USA,1961,561940310344.828
USA,1962,603639413793.103
USA,1963,637058551724.138
USA,1964,684144620689.655
USA,1965,741904862068.965
USA,1966,813032758620.69
USA,1967,859620034482.759
USA,1968,940225000000.0
USA,1969,1017438172413.79
USA,1970,1073303000000.0
USA,1971,1164850000000.0
USA,1972,1279110000000.0
USA,1973,1425376000000.0
USA,1974,1545243000000.0
USA,1975,1684904000000.0
USA,1976,1873412000000.0
USA,1977,2081826000000.0
USA,1978,2351599000000.0
USA,1979,2627333000000.0
USA,1980,2857307000000.0
USA,1981,3207041000000.0
USA,1982,3343789000000.0
USA,1983,3634038000000.0
USA,1984,4037613000000.0
USA,1985,4338979000000.0
USA,1986,4579631000000.0
USA,1987,4855215000000.0
USA,1988,5236438000000.0
USA,1989,5641580000000.0
USA,1990,5963144000000.0
USA,1991,6158129000000.0
USA,1992,6520327000000.0
USA,1993,6858559000000.0
USA,1994,7287236000000.0
USA,1995,7639749000000.0
USA,1996,8073122000000.0
USA,1997,8577554457000.0
USA,1998,9062818202000.0
USA,1999,9631174489000.0
USA,2000,10250947997000.0
USA,2001,10581929774000.0
USA,2002,10929112955000.0
USA,2003,11456442041000.0
USA,2004,12217193198000.0
USA,2005,13039199193000.0
USA,2006,13815586948000.0
USA,2007,14474226905000.0
USA,2008,14769857911000.0
USA,2009,14478064934000.0
USA,2010,15048964444000.0
USA,2011,15599728123000.0
USA,2012,16253972230000.0
USA,2013,16843190993000.0
USA,2014,17550680174000.0
USA,2015,18206020741000.0
USA,2016,18695110842000.0
USA,2017,19477336549000.0
USA,2018,20533057312000.0
USA,2019,21380976119000.0
USA,2020,21060473613000.0
USA,2021,23315080560000.0
USA,2022,25604848907611.0
USA,2023,27292170793214.4
