year,corn_production,corn_area_harvested,corn_yield,wheat_production,wheat_area_harvested,wheat_yield,soybeans_production,soybeans_area_harvested,soybeans_yield,A_availability,X_access,U_utilization,S_stability,FSI_geomean,cpi_food_index,cpi_food_yoy_pct,iENERGY,iAGRICULTURE,iFOOD,iGRAINS,iFERTILIZERS,iMETMIN,CRUDE_PETRO,MAIZE,SOYBEANS,WHEAT_US_HRW,WHEAT_US_SRW,us_population,FSI_lag1,dFSI,corn_production_lag1,corn_production_lag2,corn_production_yoy_pct,corn_area_harvested_lag1,corn_area_harvested_lag2,corn_area_harvested_yoy_pct,corn_yield_lag1,corn_yield_lag2,corn_yield_yoy_pct,wheat_production_lag1,wheat_production_lag2,wheat_production_yoy_pct,wheat_area_harvested_lag1,wheat_area_harvested_lag2,wheat_area_harvested_yoy_pct,wheat_yield_lag1,wheat_yield_lag2,wheat_yield_yoy_pct,soybeans_production_lag1,soybeans_production_lag2,soybeans_production_yoy_pct,soybeans_area_harvested_lag1,soybeans_area_harvested_lag2,soybeans_area_harvested_yoy_pct,soybeans_yield_lag1,soybeans_yield_lag2,soybeans_yield_yoy_pct,cpi_food_index_lag1,cpi_food_index_lag2,cpi_food_index_yoy_pct,cpi_food_yoy_pct_lag1,cpi_food_yoy_pct_lag2,cpi_food_yoy_pct_yoy_pct,iENERGY_lag1,iENERGY_lag2,iENERGY_yoy_pct,iAGRICULTURE_lag1,iAGRICULTURE_lag2,iAGRICULTURE_yoy_pct,iFOOD_lag1,iFOOD_lag2,iFOOD_yoy_pct,iGRAINS_lag1,iGRAINS_lag2,iGRAINS_yoy_pct,iFERTILIZERS_lag1,iFERTILIZERS_lag2,iFERTILIZERS_yoy_pct,iMETMIN_lag1,iMETMIN_lag2,iMETMIN_yoy_pct,CRUDE_PETRO_lag1,CRUDE_PETRO_lag2,CRUDE_PETRO_yoy_pct,MAIZE_lag1,MAIZE_lag2,MAIZE_yoy_pct,SOYBEANS_lag1,SOYBEANS_lag2,SOYBEANS_yoy_pct,WHEAT_US_HRW_lag1,WHEAT_US_HRW_lag2,WHEAT_US_HRW_yoy_pct,WHEAT_US_SRW_lag1,WHEAT_US_SRW_lag2,WHEAT_US_SRW_yoy_pct,us_population_lag1,us_population_lag2,us_population_yoy_pct
1971,5646260000.0,64123000.0,88.0535845172559,1618636000.0,47685000.0,33.94434308482752,1176101000.0,42705000.0,27.5401241072474,0.1463267830840851,0.0,0.145859627942709,0.5379067052609516,0.0018407358517962,40.891666666666666,2.421206428720501,2.70936939051966,24.62716930848,26.62365467549,27.35459850323,8.51416868529,16.8007732166,1.69,58.4,125.58333333333,61.72833333333,,,0.0016922446295061,0.0001484912222900999,4152243000.0,,35.980962578538865,57358000.0,,11.794344293734094,72.39169775794134,,21.634921191769465,1351558000.0,,19.760750186081545,43564000.0,,9.459645578918362,31.024653383527685,,9.410869688716739,1127100000.0,,4.347529056871613,42249000.0,,1.079315486757082,26.67755449833132,,3.2333158909675586,39.925,,2.4212064287205237,4.9967126890204,,-51.54401344626489,2.11311453784639,,28.216873340001314,24.64563716387,,-0.07493356843325527,26.0936772533,,2.0310568611902724,27.44792480206,,-0.34001222133556164,8.69299740406,,-2.057158313270391,18.27384108503,,-8.061074087137287,1.21,,39.66942148760331,58.4,,0.0,116.91666666667,,7.412687099067505,54.9025,,12.432645750794592,,,,,,
1972,5579832000.0,57513000.0,97.01862187679308,1546209000.0,47303000.0,32.687334841341986,1270608000.0,45683000.0,27.81358492218112,0.1576174299269931,0.0,0.1272018877243045,0.4945222982291952,0.0017744792255299,42.708333333333336,4.442632973303451,2.92528497197365,26.09892699168,28.55323298436,28.83159931739,11.88708413578,16.46221884098,1.82,55.7525,140.0,69.8125,,,0.0018407358517962,-6.62566262663001e-05,5646260000.0,4152243000.0,-1.176495591772253,64123000.0,57358000.0,-10.308313709589378,88.0535845172559,72.39169775794134,10.18134288193604,1618636000.0,1351558000.0,-4.474569946547591,47685000.0,43564000.0,-0.8010904896718074,33.94434308482752,31.024653383527685,-3.703144999283825,1176101000.0,1127100000.0,8.035619389831306,42705000.0,42249000.0,6.973422315888067,27.5401241072474,26.67755449833132,0.9929541852055745,40.891666666666666,39.925,4.442632973303451,2.421206428720501,4.9967126890204,83.48840150945671,2.70936939051966,2.11311453784639,7.969219044457332,24.62716930848,24.64563716387,5.976154485173502,26.62365467549,26.0936772533,7.247608686295015,27.35459850323,27.44792480206,5.399460767028241,8.51416868529,8.69299740406,39.61532329418625,16.8007732166,18.27384108503,-2.0151118716696392,1.69,1.21,7.692307692307709,58.4,58.4,-4.533390410958904,125.58333333333,116.91666666667,11.479761114800556,61.72833333333,54.9025,13.096363096369213,,,,,,
1973,5670712000.0,62143000.0,91.25262700545515,1710787000.0,54148000.0,31.59464800177292,1547543000.0,55667000.0,27.80000718558572,0.132778006872596,0.0028547799949555,0.0426932996762328,0.4685079426220155,0.0524739633232083,49.66666666666666,16.29268292682926,4.1740098635899,42.69879901029,50.03480567363,56.35876235846,19.68891732891,21.49028212624,2.8075,97.82166666667,290.33333333333,139.81,,,0.0017744792255299,0.050699484097678396,5579832000.0,5646260000.0,1.628722871943089,57513000.0,64123000.0,8.050353833046442,97.01862187679308,88.0535845172559,-5.9431836484549745,1546209000.0,1618636000.0,10.643968570872374,47303000.0,47685000.0,14.4705409804875,32.687334841341986,33.94434308482752,-3.342844697717806,1270608000.0,1176101000.0,21.79547114452294,45683000.0,42705000.0,21.854956986187425,27.81358492218112,27.5401241072474,-0.0488169239362346,42.708333333333336,40.891666666666666,16.292682926829237,4.442632973303451,2.421206428720501,266.73484000894985,2.92528497197365,2.70936939051966,42.68729042058943,26.09892699168,24.62716930848,63.603657054183984,28.55323298436,26.62365467549,75.23341647874516,28.83159931739,27.35459850323,95.47567146046865,11.88708413578,8.51416868529,65.63285919417837,16.46221884098,16.8007732166,30.54304728803301,1.82,1.69,54.258241758241766,55.7525,58.4,75.45700491757322,140.0,125.58333333333,107.38095238095,69.8125,61.72833333333,100.26499552372425,,,,,,
1974,4701402000.0,65405000.0,71.88138521519761,1781918000.0,65368000.0,27.259790723289683,1216287000.0,51341000.0,23.69036442609221,0.1226164247139791,0.0103620850629235,0.030620644240794,0.5808224185735942,0.0689466825006215,57.04166666666666,14.848993288590597,13.8029622412604,56.1911485006,68.61049726392,82.58080441648,70.51417413976,26.70617307809,10.9749994278,131.22583333333,276.91666666667,179.70583333333,,,0.0524739633232083,0.0164727191774132,5670712000.0,5579832000.0,-17.093268005851826,62143000.0,57513000.0,5.2491833352107165,91.25262700545515,97.01862187679308,-21.22814698704456,1710787000.0,1546209000.0,4.157794044495322,54148000.0,47303000.0,20.720986924724837,31.59464800177292,32.687334841341986,-13.720226534063585,1547543000.0,1270608000.0,-21.405285668960406,55667000.0,45683000.0,-7.77121095083263,27.80000718558572,27.81358492218112,-14.782883803081736,49.66666666666666,42.708333333333336,14.848993288590616,16.29268292682926,4.442632973303451,-8.860969336494806,4.1740098635899,2.92528497197365,230.68829955732352,42.69879901029,26.09892699168,31.598896931640795,50.03480567363,28.55323298436,37.125539592292256,56.35876235846,28.83159931739,46.52700123405713,19.68891732891,11.88708413578,258.14145065366955,21.49028212624,16.46221884098,24.270928232632684,2.8075,1.82,290.91716572751557,97.82166666667,55.7525,34.148024466282735,290.33333333333,140.0,-4.621125143510973,139.81,69.8125,28.5357509000286,,,,,,
1975,5840757000.0,67625000.0,86.36978927911275,2126927000.0,69499000.0,30.603706528151484,1548344000.0,53617000.0,28.877855903911072,0.1248745540825603,0.0191235341767154,0.0520221697854351,0.6347217025962991,0.0942331001837942,61.75,8.254200146092039,13.8493572313914,45.36458491839,52.94666702198,65.58260743432,51.2133943471,23.34227125951,10.43250012398,119.635,219.91666666667,149.055,,,0.0689466825006215,0.025286417683172704,4701402000.0,5670712000.0,24.234366684661303,65405000.0,62143000.0,3.3942359146854173,71.88138521519761,91.25262700545515,20.155988953941172,1781918000.0,1710787000.0,19.361665351604284,65368000.0,54148000.0,6.319605923387583,27.259790723289683,31.59464800177292,12.266843274056738,1216287000.0,1547543000.0,27.300875533488387,51341000.0,55667000.0,4.433104146783262,23.69036442609221,27.80000718558572,21.89705225515839,57.04166666666666,49.66666666666666,8.25420014609206,14.848993288590597,16.29268292682926,-44.412392236487484,13.8029622412604,4.1740098635899,0.3361234300294891,56.1911485006,42.69879901029,-19.267382623607332,68.61049726392,50.03480567363,-22.830078292082412,82.58080441648,56.35876235846,-20.583714462785995,70.51417413976,19.68891732891,-27.37148953117654,26.70617307809,21.49028212624,-12.5959710091888,10.9749994278,2.8075,-4.943046306187792,131.22583333333,97.82166666667,-8.832737456418227,276.91666666667,290.33333333333,-20.583809810412024,179.70583333333,139.81,-17.056114854366932,,,,,,
1976,6289169000.0,71506000.0,87.95302492098565,2148780000.0,70927000.0,30.29565609711393,1288608000.0,49401000.0,26.084654156798447,0.2716529630403624,0.0311208930072846,0.2462821708829501,0.3512674810328831,0.1644501803459443,63.05833333333334,2.1187584345479182,15.3701481052498,48.26704064277,47.61024356843,55.49915132775,25.99310812504,25.34049851961,11.63000011444,112.37166666667,231.16666666667,132.92,,,0.0942331001837942,0.0702170801621501,5840757000.0,4701402000.0,7.67729251533662,67625000.0,65405000.0,5.739001848428837,86.36978927911275,71.88138521519761,1.8330896197471525,2126927000.0,1781918000.0,1.0274447595051361,69499000.0,65368000.0,2.0547058231053628,30.603706528151484,27.259790723289683,-1.0065788297707878,1548344000.0,1216287000.0,-16.775083573159456,53617000.0,51341000.0,-7.863177723483227,28.877855903911072,23.69036442609221,-9.67246930106861,61.75,57.04166666666666,2.1187584345479182,8.254200146092039,14.848993288590597,-74.33114781507877,13.8493572313914,13.8029622412604,10.980949140450559,45.36458491839,56.1911485006,6.398065207918147,52.94666702198,68.61049726392,-10.078865684472005,65.58260743432,82.58080441648,-15.375198548896407,51.2133943471,70.51417413976,-49.24548849687429,23.34227125951,26.70617307809,8.560551961223117,10.43250012398,10.9749994278,11.478552372191619,119.635,131.22583333333,-6.071244479734195,219.91666666667,276.91666666667,5.115574081091245,149.055,179.70583333333,-10.824863305491272,,,,,,
1977,6505041000.0,71614000.0,90.83476694501076,2045527000.0,66686000.0,30.6740095372342,1767267000.0,57830000.0,30.559692201279613,0.2400391518802207,0.0442353887373725,0.1425670855512254,0.1673148970124043,0.1261541243489097,66.8,5.933659310162542,16.84637631586,56.29596515968,49.34962754736,49.30217719406,36.07970758711,28.33081622651,12.56500005722,95.35,280.16666666667,103.21833333333,,,0.1644501803459443,-0.03829605599703459,6289169000.0,5840757000.0,3.432440756481503,71506000.0,67625000.0,0.15103627667607533,87.95302492098565,86.36978927911275,3.2764558428933777,2148780000.0,2126927000.0,-4.805191783244444,70927000.0,69499000.0,-5.979387257320912,30.29565609711393,30.603706528151484,1.2488702634709137,1288608000.0,1548344000.0,37.14543134917678,49401000.0,53617000.0,17.062407643569966,26.084654156798447,28.877855903911072,17.1558266311721,63.05833333333334,61.75,5.933659310162542,2.1187584345479182,8.254200146092039,180.0536018363327,15.3701481052498,13.8493572313914,9.604515197260731,48.26704064277,45.36458491839,16.63438323541111,47.61024356843,52.94666702198,3.6533818114792727,55.49915132775,65.58260743432,-11.165889901800108,25.99310812504,51.2133943471,38.804899412368684,25.34049851961,23.34227125951,11.800548061775151,11.63000011444,10.43250012398,8.039552309368325,112.37166666667,119.635,-15.147649911753703,231.16666666667,219.91666666667,21.196827685652163,132.92,149.055,-22.34552111546042,,,,,,
1978,7267927000.0,71930000.0,101.04166550813292,1775524000.0,56495000.0,31.42798477741393,1868754000.0,63663000.0,29.3538476037887,0.2626204455660361,0.0612542578742269,0.1557372551171575,0.1708534369233126,0.1438368829370264,73.83333333333333,10.52894211576847,17.67004441125,55.90107969853,54.46639440601,59.19186931884,33.61459419753,30.70139479205,12.91666666667,100.7425,268.33333333333,127.745,,,0.1261541243489097,0.017682758588116687,6505041000.0,6289169000.0,11.727612477769167,71614000.0,71506000.0,0.4412545033094073,90.83476694501076,87.95302492098565,11.236775197872406,2045527000.0,2148780000.0,-13.199679104700158,66686000.0,70927000.0,-15.282068200221932,30.6740095372342,30.29565609711393,2.4580263602790753,1767267000.0,1288608000.0,5.742595770757908,57830000.0,49401000.0,10.08646031471554,30.559692201279613,26.084654156798447,-3.9458663050291443,66.8,63.05833333333334,10.52894211576847,5.933659310162542,2.1187584345479182,77.44433182632535,16.84637631586,15.3701481052498,4.889289423118015,56.29596515968,48.26704064277,-0.7014454055986663,49.34962754736,47.61024356843,10.368400154063018,49.30217719406,55.49915132775,20.05934156995306,36.07970758711,25.99310812504,-6.832409557722396,28.33081622651,25.34049851961,8.367491238469071,12.56500005722,11.63000011444,2.7987792108916665,95.35,112.37166666667,5.655479811221831,280.16666666667,231.16666666667,-4.223676383107611,103.21833333333,132.92,23.761928597959802,,,,,,
1979,7928139000.0,72400000.0,109.504682320442,2134060000.0,62454000.0,34.17010920037147,2260665000.0,70343000.0,32.137739362836385,0.3292352619391924,0.0783227605200609,0.2034791197936665,0.4473968685715445,0.2201160850167018,81.81666666666668,10.812641083521468,39.03839955154,63.33111899326,61.67687987375,64.34502897788,40.50676405343,39.0517492957,30.9645832777,115.5225,297.75,160.29333333333,156.31,,0.1438368829370264,0.0762792020796754,7267927000.0,6505041000.0,9.083910721722987,71930000.0,71614000.0,0.6534130404560079,101.04166550813292,90.83476694501076,8.37576931234163,1775524000.0,2045527000.0,20.19324999267822,56495000.0,66686000.0,10.547836091689522,31.42798477741393,30.6740095372342,8.725104210080303,1868754000.0,1767267000.0,20.971781197525186,63663000.0,57830000.0,10.492750891412594,29.3538476037887,30.559692201279613,9.483907515716506,73.83333333333333,66.8,10.812641083521468,10.52894211576847,5.933659310162542,2.694467921218058,17.67004441125,16.84637631586,120.92983267594617,55.90107969853,56.29596515968,13.291405702357807,54.46639440601,49.34962754736,13.238411586400844,59.19186931884,49.30217719406,8.705857271177319,33.61459419753,36.07970758711,20.50350456530703,30.70139479205,28.33081622651,27.198616089625638,12.91666666667,12.56500005722,139.72580602084136,100.7425,95.35,14.671067325111032,268.33333333333,280.16666666667,10.962732919256023,127.745,103.21833333333,25.47914465014678,,,,,,
1980,6639396000.0,72961000.0,90.99924617261276,2380934000.0,71125000.0,33.47534622144112,1797543000.0,67813000.0,26.50735109787209,0.2885889333047244,0.0919227411025596,0.0915326784832351,0.6705781256858019,0.200877848515678,88.35833333333333,7.995518435526572,46.7843762097,68.76335916492,70.99277537217,74.22412381344,52.53438338817,42.87884752722,36.86874993642,125.2625,296.22916666667,172.72666666667,168.30166666667,,0.2201160850167018,-0.019238236501023798,7928139000.0,7267927000.0,-16.255302789216984,72400000.0,71930000.0,0.774861878453037,109.504682320442,101.04166550813292,-16.899219061406935,2134060000.0,1775524000.0,11.568278305202284,62454000.0,56495000.0,13.883818490408938,34.17010920037147,31.42798477741393,-2.0332477571444074,2260665000.0,1868754000.0,-20.486095905408362,70343000.0,63663000.0,-3.5966620701420204,32.137739362836385,29.3538476037887,-17.519552951117635,81.81666666666668,73.83333333333333,7.995518435526572,10.812641083521468,10.52894211576847,-26.053973550349408,39.03839955154,17.67004441125,19.84194215731989,63.33111899326,55.90107969853,8.577521221815342,61.67687987375,54.46639440601,15.104355987996222,64.34502897788,59.19186931884,15.353314766485138,40.50676405343,33.61459419753,29.69286640343598,39.0517492957,30.70139479205,9.800068628273738,30.9645832777,12.91666666667,19.06748302009944,115.5225,100.7425,8.43125798004718,297.75,268.33333333333,-0.5107752588849768,160.29333333333,127.745,7.756612876397617,156.31,,7.671720725910047,,,
1981,8118650000.0,74524000.0,108.94007299661854,2785357000.0,80642000.0,34.539780759405765,1989110000.0,66163000.0,30.06378187204329,0.3337515206763558,0.113121484344608,0.2226856170773195,0.5010026938510976,0.2547564240765527,94.81666666666666,7.309252098462693,46.86210123227,61.71165456572,66.04958788983,78.7024709496,49.78514187756,33.87738996105,35.48499965668,130.78083333333,288.41666666667,174.96,154.58666666667,,0.200877848515678,0.05387857556087469,6639396000.0,7928139000.0,22.279948356748115,72961000.0,72400000.0,2.1422403749948637,90.99924617261276,109.504682320442,19.715357630517683,2380934000.0,2134060000.0,16.98589713112586,71125000.0,62454000.0,13.38066783831282,33.47534622144112,34.17010920037147,3.1797566212560024,1797543000.0,2260665000.0,10.657158131961243,67813000.0,70343000.0,-2.4331617831389263,26.50735109787209,32.137739362836385,13.416771676052907,88.35833333333333,81.81666666666668,7.309252098462693,7.995518435526572,10.812641083521468,-8.583137448781109,46.7843762097,39.03839955154,0.16613457069858395,68.76335916492,63.33111899326,-10.2550321636955,70.99277537217,61.67687987375,-6.962944407266825,74.22412381344,64.34502897788,6.033546650434274,52.53438338817,40.50676405343,-5.233223145108978,42.87884752722,39.0517492957,-20.99276936129352,36.86874993642,30.9645832777,-3.7531792700492117,125.2625,115.5225,4.405415294545456,296.22916666667,297.75,-2.637316266966705,172.72666666667,160.29333333333,1.2929869929348525,168.30166666667,156.31,-8.149057743535748,,,
1982,8235101000.0,72719000.0,113.24552042794868,2764967000.0,77937000.0,35.47694933086981,2190297000.0,69442000.0,31.5413870568244,0.3032667742005047,0.1199187176750233,0.1420183284859784,0.4022284140850579,0.2134923106990449,98.08333333333331,3.445245210054493,44.01151477599,52.65753060752,52.79934778391,60.4349998706,37.5156049801,28.89373604256,32.64722212685,109.2625,244.60416666667,160.355,132.55166666667,,0.2547564240765527,-0.041264113377507794,8118650000.0,6639396000.0,1.434364087625406,74524000.0,72961000.0,-2.4220385379206677,108.94007299661854,90.99924617261276,3.952124606584184,2785357000.0,2380934000.0,-0.7320426071056652,80642000.0,71125000.0,-3.3543314897944043,34.539780759405765,33.47534622144112,2.713302026993425,1989110000.0,1797543000.0,10.114423033416964,66163000.0,67813000.0,4.9559421428895245,30.06378187204329,26.50735109787209,4.914901229226776,94.81666666666666,88.35833333333333,3.4452452100544706,7.309252098462693,7.995518435526572,-52.864600048764096,46.86210123227,46.7843762097,-6.082924967771264,61.71165456572,68.76335916492,-14.671659708228669,66.04958788983,70.99277537217,-20.06104887137411,78.7024709496,74.22412381344,-23.21079739757884,49.78514187756,52.53438338817,-24.644977265778035,33.87738996105,42.87884752722,-14.710855600800055,35.48499965668,36.86874993642,-7.9971186622114,130.78083333333,125.2625,-16.45373621261822,288.41666666667,296.22916666667,-15.19069633054012,174.96,172.72666666667,-8.34762231367171,154.58666666667,168.30166666667,-14.25414007245096,,,
1983,4174251000.0,51479000.0,81.08648186639212,2419824000.0,61390000.0,39.41723407721127,1635772000.0,62525000.0,26.16188724510196,0.3473002968878454,0.1365032894898072,0.2199418317510829,0.1118008323078965,0.1847780104084316,99.125,1.062022090059478,39.34468226804,57.0932588731,57.47027171702,65.18058833724,34.91435898225,34.38814132535,29.65777783924,136.01666666667,281.5875,157.415,137.30416666667,,0.2134923106990449,-0.02871430029061331,8235101000.0,8118650000.0,-49.31147778272543,72719000.0,74524000.0,-29.208322446678313,113.24552042794868,108.94007299661854,-28.397625301229834,2764967000.0,2785357000.0,-12.482716791918314,77937000.0,80642000.0,-21.231250882122744,35.47694933086981,34.539780759405765,11.106605332924936,2190297000.0,1989110000.0,-25.31734280784752,69442000.0,66163000.0,-9.960830621237871,31.5413870568244,30.06378187204329,-17.05536856077645,98.08333333333331,94.81666666666666,1.0620220900595,3.445245210054493,7.309252098462693,-69.17426698801854,44.01151477599,46.86210123227,-10.603662545366277,52.65753060752,61.71165456572,8.423730118758233,52.79934778391,66.04958788983,8.846556120781113,60.4349998706,78.7024709496,7.852384341525576,37.5156049801,49.78514187756,-6.9337706248635005,28.89373604256,33.87738996105,19.015904605402454,32.64722212685,35.48499965668,-9.156810573330198,109.2625,130.78083333333,24.486138123024826,244.60416666667,288.41666666667,15.119666127244823,160.355,174.96,-1.8334320725889475,132.55166666667,154.58666666667,3.585394374520545,,,
1984,7672130000.0,71897000.0,106.71001571692838,2594777000.0,66928000.0,38.76967786277791,1860863000.0,66113000.0,28.14670337150031,0.3981082076809303,0.1600615500465551,0.2825001371892665,0.064807250968391,0.1848130367193206,102.79166666666669,3.699033207229929,37.82405642812,59.75045935167,58.89498383695,63.27364027492,39.3290029731,30.89119865988,28.55749999152,135.9425,282.08333333333,152.33333333333,140.2275,,0.1847780104084316,3.502631088900254e-05,4174251000.0,8235101000.0,83.79656613845215,51479000.0,72719000.0,39.662775112181656,81.08648186639212,113.24552042794868,31.600253532711765,2419824000.0,2764967000.0,7.229988627272066,61390000.0,77937000.0,9.021013194331328,39.41723407721127,35.47694933086981,-1.6428250981916026,1635772000.0,2190297000.0,13.760536309461212,62525000.0,69442000.0,5.738504598160743,26.16188724510196,31.5413870568244,7.586670287977593,99.125,98.08333333333331,3.6990332072299514,1.062022090059478,3.445245210054493,248.30096679276858,39.34468226804,44.01151477599,-3.864882754829657,57.0932588731,52.65753060752,4.654140490519398,57.47027171702,52.79934778391,2.4790419069970593,65.18058833724,60.4349998706,-2.9256380019977324,34.91435898225,37.5156049801,12.644207482355174,34.38814132535,28.89373604256,-10.169036565207278,29.65777783924,32.64722212685,-3.7099133107141635,136.01666666667,109.2625,-0.054527631420175915,281.5875,244.60416666667,0.17608499430197266,157.415,160.355,-3.2281972281358207,137.30416666667,132.55166666667,2.1290929505634715,,,
1985,8875453000.0,75209000.0,118.01051735829488,2424115000.0,64704000.0,37.46468533630069,2099056000.0,61599000.0,34.07613759963636,0.516659999531463,0.176701891910772,0.47676013828678,0.0002043699776246,0.0546123378532652,104.26666666666668,1.434941224158881,36.14621258779,50.2049359388,48.60682397793,53.53752518234,33.66686671131,28.24157753227,27.18333333333,112.23333333333,224.41666666667,135.82833333333,128.66,,0.1848130367193206,-0.1302006988660554,7672130000.0,4174251000.0,15.68434059381163,71897000.0,51479000.0,4.606589982892184,106.71001571692838,81.08648186639212,10.589916574788582,2594777000.0,2419824000.0,-6.57713553033652,66928000.0,61390000.0,-3.3229739421467896,38.76967786277791,39.41723407721127,-3.366013334173512,1860863000.0,1635772000.0,12.800136280854634,66113000.0,62525000.0,-6.827704082404374,28.14670337150031,26.16188724510196,21.066176560271167,102.79166666666669,99.125,1.434941224158881,3.699033207229929,1.062022090059478,-61.20766849688661,37.82405642812,39.34468226804,-4.435917240972143,59.75045935167,57.0932588731,-15.975648583199064,58.89498383695,57.47027171702,-17.4686521478682,63.27364027492,65.18058833724,-15.38731618771607,39.3290029731,34.91435898225,-14.396846687577503,30.89119865988,34.38814132535,-8.577268745000822,28.55749999152,29.65777783924,-4.811929120539437,135.9425,136.01666666667,-17.440584560876836,282.08333333333,281.5875,-20.44313146233171,152.33333333333,157.415,-10.834792122538527,140.2275,137.30416666667,-8.249095220267066,,,
1986,8225764000.0,68907000.0,119.3748675751375,2090570000.0,60688000.0,34.44783153176905,1942558000.0,58312000.0,33.31317739058856,0.4850461883713208,0.1892900490288131,0.4361521154584867,0.0,0.0025155746857988,107.25,2.8612531969309574,21.85039023997,47.92935963954,42.58335980415,44.83088989233,27.18424107478,28.34936993091,14.35,87.55833333333,208.41666666667,114.91666666667,118.38916666667,,0.0546123378532652,-0.0520967631674664,8875453000.0,7672130000.0,-7.320065803965159,75209000.0,71897000.0,-8.379316305229423,118.01051735829488,106.71001571692838,1.1561259516389422,2424115000.0,2594777000.0,-13.759454481326172,64704000.0,66928000.0,-6.206726013847675,37.46468533630069,38.76967786277791,-8.05252673938387,2099056000.0,1860863000.0,-7.4556372007226095,61599000.0,66113000.0,-5.336125586454321,34.07613759963636,28.14670337150031,-2.238986759626027,104.26666666666668,102.79166666666669,2.861253196930935,1.434941224158881,3.699033207229929,99.39863380872183,36.14621258779,37.82405642812,-39.54998691245747,50.2049359388,59.75045935167,-4.532574848883253,48.60682397793,58.89498383695,-12.392219200569377,53.53752518234,63.27364027492,-16.26267792610254,33.66686671131,39.3290029731,-19.255209259946472,28.24157753227,30.89119865988,0.3816798070746419,27.18333333333,28.55749999152,-47.210300429178076,112.23333333333,135.9425,-21.98544698544763,224.41666666667,282.08333333333,-7.129595246936393,135.82833333333,152.33333333333,-15.395658735899854,128.66,140.2275,-7.982926576503968,,,
1987,7131300000.0,59505000.0,119.84371061255356,2107685000.0,55945000.0,37.674233622307625,1937722000.0,57172000.0,33.89284964668019,0.5956945274318178,0.2038937320406115,0.5793777094880106,0.0228099053389957,0.2001604126737749,111.88333333333333,4.320124320124319,24.51793142323,49.59440602964,45.45148752213,43.92267834808,29.18084212286,36.07201407439,18.14583333333,75.69666666667,215.75,112.89583333333,112.10166666667,,0.0025155746857988,0.1976448379879761,8225764000.0,8875453000.0,-13.30531729332376,68907000.0,75209000.0,-13.644477339022165,119.3748675751375,118.01051735829488,0.39274852985362596,2090570000.0,2424115000.0,0.81867624619123,60688000.0,64704000.0,-7.815383601370951,34.44783153176905,37.46468533630069,9.366052802374725,1942558000.0,2099056000.0,-0.24895009569856352,58312000.0,61599000.0,-1.955000685965158,33.31317739058856,34.07613759963636,1.7400689501788635,107.25,104.26666666666668,4.320124320124319,2.8612531969309574,1.434941224158881,50.98713824970746,21.85039023997,36.14621258779,12.20820842998207,47.92935963954,50.2049359388,3.4739591820592386,42.58335980415,48.60682397793,6.7353250921748264,44.83088989233,53.53752518234,-2.025861066847534,27.18424107478,33.66686671131,7.344700345275901,28.34936993091,28.24157753227,27.240972770473505,14.35,27.18333333333,26.45180023226481,87.55833333333,112.23333333333,-13.547159036825484,208.41666666667,224.41666666667,3.518592562973155,114.91666666667,135.82833333333,-1.7585206671558495,118.38916666667,128.66,-5.310874446563796,,,
1988,4928681000.0,58250000.0,84.61254935622317,1812201000.0,53189000.0,34.07097332155145,1548841000.0,57373000.0,26.99599114566085,0.604727044906144,0.2247361466811528,0.5755364100312779,0.3739580652924809,0.4135537920712188,116.55,4.171011470281538,21.19183459737,56.82094870518,57.93201259775,58.66534361675,35.55610519657,56.43143375197,14.71805555556,106.89083333333,303.5,145.19916666667,140.7225,,0.2001604126737749,0.21339337939744388,7131300000.0,8225764000.0,-30.886640584465663,59505000.0,68907000.0,-2.10906646500294,119.84371061255356,119.3748675751375,-29.397588806500075,2107685000.0,2090570000.0,-14.019362475891795,55945000.0,60688000.0,-4.926266869246576,37.674233622307625,34.44783153176905,-9.564256401018378,1937722000.0,1942558000.0,-20.068977902918995,57172000.0,58312000.0,0.35157069894353743,33.89284964668019,33.31317739058856,-20.34900745412799,111.88333333333333,107.25,4.171011470281538,4.320124320124319,2.8612531969309574,-3.451587009849977,24.51793142323,21.85039023997,-13.565976543635417,49.59440602964,47.92935963954,14.571285864823281,45.45148752213,42.58335980415,27.45900245738564,43.92267834808,44.83088989233,33.56504162117986,29.18084212286,27.18424107478,21.84742663309116,36.07201407439,28.34936993091,56.4410394041029,18.14583333333,14.35,-18.890164561766966,75.69666666667,87.55833333333,41.209432383625824,215.75,208.41666666667,40.672074159907304,112.89583333333,114.91666666667,28.61339730578272,112.10166666667,118.38916666667,25.531139887895637,,,
1989,7531953000.0,64783000.0,116.26434404087492,2036618000.0,62189000.0,32.748846258984706,1923666000.0,59538000.0,32.30988612314824,0.5765004277988747,0.2466038460674491,0.561817483400098,0.3611534172966105,0.4121180294202087,124.20833333333331,6.570856570856565,24.66286336059,57.44896237829,58.69403662968,63.8503790253,33.82661483868,51.569472723,17.83888888889,111.52416666667,275.0,169.235,161.26166666667,,0.4135537920712188,-0.0014357626510100863,4928681000.0,7131300000.0,52.81883733193526,58250000.0,59505000.0,11.215450643776826,84.61254935622317,119.84371061255356,37.407919895423625,1812201000.0,2107685000.0,12.383670464810482,53189000.0,55945000.0,16.920791893060596,34.07097332155145,37.674233622307625,-3.880508637334512,1548841000.0,1937722000.0,24.200353683819053,57373000.0,57172000.0,3.7735520192424987,26.99599114566085,33.89284964668019,19.684015114746067,116.55,111.88333333333333,6.570856570856565,4.171011470281538,4.320124320124319,57.536286286286334,21.19183459737,24.51793142323,16.37908576188476,56.82094870518,49.59440602964,1.1052502420691557,57.93201259775,45.45148752213,1.3153764175622529,58.66534361675,43.92267834808,8.838327859158035,35.55610519657,29.18084212286,-4.864116438874866,56.43143375197,36.07201407439,-8.615696440284527,14.71805555556,18.14583333333,21.204114371963033,106.89083333333,75.69666666667,4.334640482118179,303.5,215.75,-9.390444810543652,145.19916666667,112.89583333333,16.553699229216967,140.7225,112.10166666667,14.595510075979323,,,
1990,7934028000.0,66952000.0,118.50322619189868,2729778000.0,69103000.0,39.50303170629351,1925947000.0,56512000.0,34.08031922423556,0.6442443088563214,0.2624092869234506,0.6166931899248204,0.3728463406743775,0.4440247795916501,132.31666666666666,6.528010734652812,30.94902134676,55.05028155871,54.68209145572,57.91277454146,34.77358607953,45.33768759565,22.87916666667,109.27583333333,246.75,135.5225,129.08916666667,,0.4121180294202087,0.0319067501714414,7531953000.0,4928681000.0,5.338256890344373,64783000.0,58250000.0,3.3481005819427923,116.26434404087492,84.61254935622317,1.9256825207190298,2036618000.0,1812201000.0,34.03485582470547,62189000.0,53189000.0,11.11772178359518,32.748846258984706,34.07097332155145,20.624193578898332,1923666000.0,1548841000.0,0.11857567789834711,59538000.0,57373000.0,-5.082468339547852,32.30988612314824,26.99599114566085,5.47953989791039,124.20833333333331,116.55,6.528010734652812,6.570856570856565,4.171011470281538,-0.652058612780948,24.66286336059,21.19183459737,25.488354268770586,57.44896237829,56.82094870518,-4.175324880169573,58.69403662968,57.93201259775,-6.835353988809256,63.8503790253,58.66534361675,-9.299247043603742,33.82661483868,35.55610519657,2.799485687131642,51.569472723,56.43143375197,-12.08425217148016,17.83888888889,14.71805555556,28.254437869833172,111.52416666667,106.89083333333,-2.016005499561324,275.0,303.5,-10.272727272727277,169.235,145.19916666667,-19.920524714154876,161.26166666667,140.7225,-19.950494537862483,,,
1991,7474765000.0,68822000.0,108.61011013919968,1980139000.0,57803000.0,34.256682179125654,1986539000.0,58011000.0,34.2441778283429,0.6769871847007543,0.2697169559019794,0.705591834494869,0.3360643023906953,0.4561589041008341,135.84166666666667,2.664063484066004,27.00753120564,54.32339245141,54.09772228551,58.07645931237,38.85140621258,38.57241981199,19.37083333333,107.42,239.58333333333,128.665,126.11333333333,,0.4440247795916501,0.012134124509183997,7934028000.0,7531953000.0,-5.788522551218622,66952000.0,64783000.0,2.7930457641295314,118.50322619189868,116.26434404087492,-8.348393854424307,2729778000.0,2036618000.0,-27.461537165293294,69103000.0,62189000.0,-16.352401487634406,39.50303170629351,32.748846258984706,-13.280878202398894,1925947000.0,1923666000.0,3.1460886514530273,56512000.0,59538000.0,2.6525339750849364,34.08031922423556,32.30988612314824,0.4808012596044353,132.31666666666666,124.20833333333331,2.664063484066004,6.528010734652812,6.570856570856565,-59.19027108941035,30.94902134676,24.66286336059,-12.735427388668064,55.05028155871,57.44896237829,-1.3204094270158895,54.68209145572,58.69403662968,-1.068666458530032,57.91277454146,63.8503790253,0.2826401812139334,34.77358607953,33.82661483868,11.726774810408402,45.33768759565,51.569472723,-14.921951564881098,22.87916666667,17.83888888889,-15.334183208914165,109.27583333333,111.52416666667,-1.6983016982986987,246.75,275.0,-2.904424181021281,135.5225,169.235,-5.060045379918476,129.08916666667,161.26166666667,-2.305254120219158,,,
1992,9476698000.0,72077000.0,131.48019479168113,2466798000.0,62761000.0,39.30463185736365,2190354000.0,58233000.0,37.61362114265108,0.7187625780195138,0.2866863126513396,0.7335784448224764,0.0,0.0035063861689139,136.82500000000002,0.7238819704312727,26.21400696194,53.73441508567,53.87355205386,58.38691422969,35.49601630199,37.31883515755,19.02083333333,104.24583333333,235.5,151.2,145.14166666667,,0.4561589041008341,-0.4526525179319202,7474765000.0,7934028000.0,26.782554367929954,68822000.0,66952000.0,4.729592281537887,108.61011013919968,118.50322619189868,21.05704949858729,1980139000.0,2729778000.0,24.57701201784319,57803000.0,69103000.0,8.577409477016772,34.256682179125654,39.50303170629351,14.73566427665891,1986539000.0,1925947000.0,10.259803608184882,58011000.0,56512000.0,0.38268604230231595,34.2441778283429,34.08031922423556,9.839463313145714,135.84166666666667,132.31666666666666,0.7238819704312727,2.664063484066004,6.528010734652812,-72.8279008829604,27.00753120564,30.94902134676,-2.938159129236839,54.32339245141,55.05028155871,-1.084205789001147,54.09772228551,54.68209145572,-0.41438016644564923,58.07645931237,57.91277454146,0.5345624044506447,38.85140621258,34.77358607953,-8.636469661434132,38.57241981199,45.33768759565,-3.2499507693586116,19.37083333333,22.87916666667,-1.8068401806843326,107.42,109.27583333333,-2.954912182712721,239.58333333333,246.75,-1.7043478260855838,128.665,135.5225,17.514475576108502,126.11333333333,129.08916666667,15.088280382730224,,,
1993,6337730000.0,62933000.0,100.70598890883956,2396440000.0,62712000.0,38.21342007909172,1869718000.0,57307000.0,32.626345821627375,0.7706995534968888,0.3020141880870682,0.7593700268890958,0.4758550227209753,0.5385302961919259,140.05833333333334,2.363115902308288,23.94841605937,57.33679916241,54.12246443785,54.47818832891,30.45608141373,32.14374189495,16.84166666667,102.09,255.08333333333,140.23833333333,134.77416666667,,0.0035063861689139,0.5350239100230121,9476698000.0,7474765000.0,-33.123013944308454,72077000.0,68822000.0,-12.686432565173355,131.48019479168113,108.61011013919968,-23.40596310463383,2466798000.0,1980139000.0,-2.8521994910000736,62761000.0,57803000.0,-0.0780739631299654,39.30463185736365,34.256682179125654,-2.7762930899135174,2190354000.0,1986539000.0,-14.638547011122405,58233000.0,58011000.0,-1.5901636529115803,37.61362114265108,34.2441778283429,-13.259226762850806,136.82500000000002,135.84166666666667,2.363115902308288,0.7238819704312727,2.664063484066004,226.4504434197189,26.21400696194,27.00753120564,-8.642673002488333,53.73441508567,54.32339245141,6.704053763303541,53.87355205386,54.09772228551,0.4620307637059895,58.38691422969,58.07645931237,-6.694523854100842,35.49601630199,38.85140621258,-14.198593006555061,37.31883515755,38.57241981199,-13.867242213622589,19.02083333333,19.37083333333,-11.456736035016235,104.24583333333,107.42,-2.06802829849001,235.5,239.58333333333,8.315640481244158,151.2,128.665,-7.249779541448409,145.14166666667,126.11333333333,-7.143021186197229,,,
1994,10050520000.0,72514000.0,138.60109771906116,2320981000.0,61770000.0,37.57456694188117,2514869000.0,60809000.0,41.35685507079544,0.8384434345543367,0.322514279816926,0.9069856774405968,0.0610458647562688,0.3498000353196869,144.08333333333334,2.873802582257401,22.32581449567,64.03326854622,58.13676250509,58.76629661874,32.84503198496,38.56614910051,15.88666666667,107.55,251.83333333333,149.72916666667,138.555,,0.5385302961919259,-0.18873026087223904,6337730000.0,9476698000.0,58.582331528796594,62933000.0,72077000.0,15.22412724643669,100.70598890883956,131.48019479168113,37.62944907330663,2396440000.0,2466798000.0,-3.1487957136419054,62712000.0,62761000.0,-1.5021048603138132,38.21342007909172,39.30463185736365,-1.671803088779511,1869718000.0,2190354000.0,34.5052569424908,57307000.0,58233000.0,6.1109463067339,32.626345821627375,37.61362114265108,26.75907776157016,140.05833333333334,136.82500000000002,2.873802582257401,2.363115902308288,0.7238819704312727,21.610733500217847,23.94841605937,26.21400696194,-6.775402430279498,57.33679916241,53.73441508567,11.679182447631643,54.12246443785,53.87355205386,7.4170644462239865,54.47818832891,58.38691422969,7.8712387863207,30.45608141373,35.49601630199,7.84391970449958,32.14374189495,37.31883515755,19.980272447897573,16.84166666667,19.02083333333,-5.670460168232438,102.09,104.24583333333,5.348222156920368,255.08333333333,235.5,-1.274093433518475,140.23833333333,151.2,6.7676455557849735,134.77416666667,145.14166666667,2.805310117539772,,,
1995,7400051000.0,65210000.0,113.48030976844042,2182708000.0,60955000.0,35.808514477893524,2174254000.0,61544000.0,35.328447939685425,0.7424729363896194,0.3384022758430062,0.8257696317840093,0.1243477416385804,0.4007768967370731,148.75,3.23886639676112,23.87785370246,66.86995797446,62.99523826574,69.37700561218,38.69238121446,46.96237468675,17.18333333333,123.4875,259.25,176.9825,167.35833333333,,0.3498000353196869,0.05097686141738622,10050520000.0,6337730000.0,-26.371461377122774,72514000.0,62933000.0,-10.07253771685468,138.60109771906116,100.70598890883956,-18.124523083893294,2320981000.0,2396440000.0,-5.957523995241665,61770000.0,62712000.0,-1.3194107171766278,37.57456694188117,38.21342007909172,-4.700127260865861,2514869000.0,1869718000.0,-13.544045435368602,60809000.0,57307000.0,1.208702659145855,41.35685507079544,32.626345821627375,-14.576560816315641,144.08333333333334,140.05833333333334,3.2388663967611198,2.873802582257401,2.363115902308288,12.703162588745332,22.32581449567,23.94841605937,6.951769697320631,64.03326854622,57.33679916241,4.430024411751576,58.13676250509,54.12246443785,8.356976810025563,58.76629661874,54.47818832891,18.05577278806496,32.84503198496,30.45608141373,17.802842244688776,38.56614910051,32.14374189495,21.770972166181267,15.88666666667,16.84166666667,8.161980696557269,107.55,102.09,14.818688981868888,251.83333333333,255.08333333333,2.9450694904050723,149.72916666667,140.23833333333,18.20175316543495,138.555,134.77416666667,20.78837525410846,,,
1996,9232557000.0,72644000.0,127.09318044160564,2277388000.0,62819000.0,36.25317181107626,2380274000.0,63349000.0,37.57397906833573,0.7503763891796545,0.3586805847215025,0.8274159029797518,0.1980443360730684,0.4582667312132106,154.29999999999998,3.731092436974781,29.02206941973,68.26998129599,67.96454239064,83.60636506404,44.07726997883,40.05542094931,20.42,165.80916666667,304.83333333333,207.6,187.41916666667,,0.4007768967370731,0.05748983447613748,7400051000.0,10050520000.0,24.763423927754012,65210000.0,72514000.0,11.400092010427842,113.48030976844042,138.60109771906116,11.995799712692579,2182708000.0,2320981000.0,4.337730928736239,60955000.0,61770000.0,3.0579936018374276,35.808514477893524,37.57456694188117,1.2417642554181985,2174254000.0,2514869000.0,9.475433872951356,61544000.0,60809000.0,2.932861042506185,35.328447939685425,41.35685507079544,6.356155618508907,148.75,144.08333333333334,3.731092436974781,3.23886639676112,2.873802582257401,15.197478991596846,23.87785370246,22.32581449567,21.543878195132837,66.86995797446,64.03326854622,2.093650667560931,62.99523826574,58.13676250509,7.888380553364094,69.37700561218,58.76629661874,20.510195454964773,38.69238121446,32.84503198496,13.917181097031017,46.96237468675,38.56614910051,-14.707420107077207,17.18333333333,15.88666666667,18.836081474319855,123.4875,107.55,34.27202483382528,259.25,251.83333333333,17.582770813242043,176.9825,149.72916666667,17.29973302445158,167.35833333333,138.555,11.986754966891656,,,
1997,9206832000.0,72671000.0,126.69196791017048,2481466000.0,62840000.0,39.4886378103119,2688750000.0,69110000.0,38.9053682535089,0.819249334921393,0.3826376404789073,0.8592438127640891,0.0,0.004051166103327,158.14166666666668,2.489738604450231,26.85881326531,65.85868871401,62.80723895661,64.7590826624,38.58906893846,41.2903055161,19.17104272487,117.09166666667,295.41666666667,159.48416666667,143.64833333333,,0.4582667312132106,-0.4542155651098836,9232557000.0,7400051000.0,-0.27863353564998583,72644000.0,65210000.0,0.03716755685259088,127.09318044160564,113.48030976844042,-0.3156837605614138,2277388000.0,2182708000.0,8.961055384501893,62819000.0,60955000.0,0.033429376462534854,36.25317181107626,35.808514477893524,8.924642555681505,2380274000.0,2174254000.0,12.959684473300136,63349000.0,61544000.0,9.094066204675677,37.57397906833573,35.328447939685425,3.543380866721013,154.29999999999998,148.75,2.489738604450231,3.731092436974781,3.23886639676112,-33.27051938523014,29.02206941973,23.87785370246,-7.453831507099062,68.26998129599,66.86995797446,-3.531995375135144,67.96454239064,62.99523826574,-7.588226526101449,83.60636506404,69.37700561218,-22.542879824046334,44.07726997883,38.69238121446,-12.451317976376364,40.05542094931,46.96237468675,3.0829399305346117,20.42,17.18333333333,-6.116343169098936,165.80916666667,123.4875,-29.38166868538572,304.83333333333,259.25,-3.089119737559365,207.6,176.9825,-23.17718368657514,187.41916666667,167.35833333333,-23.3545128344251,,,
1998,9758685000.0,72589000.0,134.437518081252,2547321000.0,59002000.0,43.17346869597641,2741014000.0,70441000.0,38.91219602220298,0.8305399817643014,0.4049960528546035,0.893815507874663,0.4205953857926755,0.5963221359192177,161.13333333333333,1.8917637139695296,19.06748710387,57.31951423402,57.29676483701,57.42664208776,33.74830913977,33.76474325216,13.06444166667,101.98666666667,243.25,126.12666666667,111.515,,0.004051166103327,0.5922709698158907,9206832000.0,9232557000.0,5.9939510137688945,72671000.0,72644000.0,-0.11283730786696422,126.69196791017048,127.09318044160564,6.11368684127902,2481466000.0,2277388000.0,2.6538747659649475,62840000.0,62819000.0,-6.107574793125403,39.4886378103119,36.25317181107626,9.331369958530878,2688750000.0,2380274000.0,1.9438028823802966,69110000.0,63349000.0,1.9259152076399833,38.9053682535089,37.57397906833573,0.017549682731665683,158.14166666666668,154.29999999999998,1.8917637139695298,2.489738604450231,3.731092436974781,-24.017577162994698,26.85881326531,29.02206941973,-29.008452772941506,65.85868871401,68.26998129599,-12.965904190821643,62.80723895661,67.96454239064,-8.773628981536463,64.7590826624,83.60636506404,-11.32264428893357,38.58906893846,44.07726997883,-12.544380913698161,41.2903055161,40.05542094931,-18.225978640447728,19.17104272487,20.42,-31.85325464993146,117.09166666667,165.80916666667,-12.900149455554388,295.41666666667,304.83333333333,-17.658674188999512,159.48416666667,207.6,-20.91586939142296,143.64833333333,187.41916666667,-22.36944389655111,,,
1999,9430612000.0,70487000.0,133.79221700455403,2295560000.0,53773000.0,42.68982574898183,2653758000.0,72446000.0,36.63084228252768,0.8474759520286624,0.4314771122969967,0.9975305932063868,0.3023771266790981,0.5762886638807591,164.20833333333334,1.908357467935473,24.41549872516,50.64301237484,48.13922374424,49.59467720486,31.8720853264,33.52692270648,18.07138888889,90.21666666667,201.66666666667,112.0425,96.27833333333,,0.5963221359192177,-0.020033472038458622,9758685000.0,9206832000.0,-3.361856643594907,72589000.0,72671000.0,-2.895755555249413,134.437518081252,126.69196791017048,-0.48000073633310825,2547321000.0,2481466000.0,-9.883363737824958,59002000.0,62840000.0,-8.862411443679875,43.17346869597641,39.4886378103119,-1.1202318497972596,2741014000.0,2688750000.0,-3.183347476517817,70441000.0,69110000.0,2.8463536860635186,38.91219602220298,38.9053682535089,-5.862824442942194,161.13333333333333,158.14166666666668,1.9083574679354731,1.8917637139695296,2.489738604450231,0.877157852400301,19.06748710387,26.85881326531,28.04780510487168,57.31951423402,65.85868871401,-11.647868877467548,57.29676483701,62.80723895661,-15.982649489583089,57.42664208776,64.7590826624,-13.638207978330186,33.74830913977,38.58906893846,-5.559460195767263,33.76474325216,41.2903055161,-0.7043457843109446,13.06444166667,19.17104272487,38.324999643832626,101.98666666667,117.09166666667,-11.54072427768299,243.25,295.41666666667,-17.094895512160324,126.12666666667,159.48416666667,-11.166684285641127,111.515,143.64833333333,-13.663333781706498,,,
2000,9915051000.0,72440000.0,136.872598012148,2228160000.0,53063000.0,41.99084107570247,2757810000.0,72408000.0,38.08708982432881,0.9400592561405072,0.4601971535086114,0.9695439828787796,0.6890532904632318,0.7332125182125405,167.88333333333335,2.238010657193623,39.2156377983,48.86405185167,46.88457865685,46.64525053004,36.11762973264,38.24927811018,28.22971944444,88.53416666667,211.83333333333,114.0875,98.91416666667,282162411.0,0.5762886638807591,0.15692385433178146,9430612000.0,9758685000.0,5.136877649085769,70487000.0,72589000.0,2.7707236795437407,133.79221700455403,134.437518081252,2.3023618836431226,2295560000.0,2547321000.0,-2.9361027374584014,53773000.0,59002000.0,-1.3203652390604947,42.68982574898183,43.17346869597641,-1.6373565855935412,2653758000.0,2741014000.0,3.920930243074161,72446000.0,70441000.0,-0.05245286144162087,36.63084228252768,38.91219602220298,3.975468351421818,164.20833333333334,161.13333333333333,2.238010657193623,1.908357467935473,1.8917637139695296,17.274184464757568,24.41549872516,19.06748710387,60.61780363261047,50.64301237484,57.31951423402,-3.5127462600423986,48.13922374424,57.29676483701,-2.6062844179952527,49.59467720486,57.42664208776,-5.94706295322146,31.8720853264,33.74830913977,13.320573043030116,33.52692270648,33.76474325216,14.085263491203959,18.07138888889,13.06444166667,56.212229275831604,90.21666666667,101.98666666667,-1.864954738592195,201.66666666667,243.25,5.041322314046193,112.0425,126.12666666667,1.8252002588303506,96.27833333333,111.515,2.73772222896127,,,
2001,9502580000.0,68768000.0,138.1831665891112,1947453000.0,48473000.0,40.17603614383265,2890682000.0,72975000.0,39.61194929770469,0.8858641512945492,0.472574119034705,0.886681666026451,0.9242203688578532,0.7653235568640672,173.36666666666667,3.2661570535093665,35.04610770737,47.07950053361,48.73345661443,46.89259747614,34.86330709925,34.38309024162,24.35182500429,89.64083333333,195.83333333333,126.80833333333,107.72416666667,284968955.0,0.7332125182125405,0.03211103865152665,9915051000.0,9430612000.0,-4.160049201965776,72440000.0,70487000.0,-5.069022639425736,136.872598012148,133.79221700455403,0.957509827384806,2228160000.0,2295560000.0,-12.5981527358897,53063000.0,53773000.0,-8.650095169892392,41.99084107570247,42.68982574898183,-4.321906600056025,2757810000.0,2653758000.0,4.818025897360578,72408000.0,72446000.0,0.7830626450116007,38.08708982432881,36.63084228252768,4.003612458733596,167.88333333333335,164.20833333333334,3.2661570535093665,2.238010657193623,1.908357467935473,45.94019215283802,39.2156377983,24.41549872516,-10.632314874936831,48.86405185167,50.64301237484,-3.652073969381664,46.88457865685,48.13922374424,3.9434671496399787,46.64525053004,49.59467720486,0.5302725214021642,36.11762973264,31.8720853264,-3.4728819213085016,38.24927811018,33.52692270648,-10.107871467333695,28.22971944444,18.07138888889,-13.736921643101107,88.53416666667,90.21666666667,1.2499882342899005,211.83333333333,201.66666666667,-7.553107789142521,114.0875,112.0425,11.150067565096954,98.91416666667,96.27833333333,8.906712048324428,282162411.0,,0.994655521284149
2002,8966787000.0,69330000.0,129.33487667676332,1605878000.0,45824000.0,35.044474511173185,2756147000.0,72497000.0,38.01739382319269,0.9716730673006492,0.4855578268052787,0.9739340394007572,1.0,0.8233275866725963,175.61666666666667,1.297827340895985,33.97167594969,50.63330724663,51.79877518495,52.93876586234,34.92322603438,33.08425939619,24.92774838181,99.27083333333,212.66666666667,148.0775,129.9575,287625193.0,0.7653235568640672,0.058004029808529145,9502580000.0,9915051000.0,-5.638395046397926,68768000.0,72440000.0,0.8172405770125568,138.1831665891112,136.872598012148,-6.40330521492416,1947453000.0,2228160000.0,-17.539576051386096,48473000.0,53063000.0,-5.464897984444949,40.17603614383265,41.99084107570247,-12.772692692450194,2890682000.0,2757810000.0,-4.654092010120792,72975000.0,72408000.0,-0.6550188420691994,39.61194929770469,38.08708982432881,-4.025440562210337,173.36666666666667,167.88333333333335,1.297827340895985,3.2661570535093665,2.238010657193623,-60.26439269043977,35.04610770737,39.2156377983,-3.065766294652028,47.07950053361,48.86405185167,7.548522547478886,48.73345661443,46.88457865685,6.289967475059766,46.89259747614,46.64525053004,12.893652114870434,34.86330709925,36.11762973264,0.17186819070096337,34.38309024162,38.24927811018,-3.777527954301785,24.35182500429,28.22971944444,2.365011153860319,89.64083333333,88.53416666667,10.742872017031345,195.83333333333,211.83333333333,8.595744680854622,126.80833333333,114.0875,16.772688440562966,107.72416666667,98.91416666667,20.63913235191359,284968955.0,282162411.0,0.9321148684424241
2003,10087292000.0,70944000.0,142.18668245376634,2344415000.0,53063000.0,44.181727380660725,2453845000.0,72476000.0,33.85734588001545,0.964898679194904,0.5077922621977883,0.9843604236404534,0.999203074185171,0.8331897607670244,179.39166666666665,2.149568188288864,41.39682750697,54.93812022408,56.18551768739,54.3154605814,42.10999075845,36.83175532693,28.89890318948,105.37007583333,264.0,146.1431,138.57684166667,290107933.0,0.8233275866725963,0.009862174094428133,8966787000.0,9502580000.0,12.496170590424427,69330000.0,68768000.0,2.3279965382951184,129.33487667676332,138.1831665891112,9.936844652600985,1605878000.0,1947453000.0,45.9896081769599,45824000.0,48473000.0,15.797398743016755,35.044474511173185,40.17603614383265,26.07330541245332,2756147000.0,2890682000.0,-10.968282896376714,72497000.0,72975000.0,-0.02896671586410937,38.01739382319269,39.61194929770469,-10.942485859299966,175.61666666666667,173.36666666666667,2.149568188288864,1.297827340895985,3.2661570535093665,65.62820958948667,33.97167594969,35.04610770737,21.856889157532876,50.63330724663,47.07950053361,8.501939161275152,51.79877518495,48.73345661443,8.46881511537083,52.93876586234,46.89259747614,2.600541770542808,34.92322603438,34.86330709925,20.578753855657617,33.08425939619,34.38309024162,11.327126552428023,24.92774838181,24.35182500429,15.930659868854358,99.27083333333,89.64083333333,6.14404281217229,212.66666666667,195.83333333333,24.137931034480808,148.0775,126.80833333333,-1.3063429623001332,129.9575,107.72416666667,6.632431115303072,287625193.0,284968955.0,0.8631858614693844
2004,11805581000.0,73631000.0,160.3343836155967,2156790000.0,49969000.0,43.16256078768836,3123790000.0,73958000.0,42.23735092890559,1.0,0.5417202829216604,1.0,0.6024435537310489,0.7558278051799627,186.1833333333333,3.7859432340781263,53.44147649605,60.51652972634,63.59386481715,59.27942387022,50.25554089252,49.28127432247,37.73338770304,111.80347966667,306.5,156.88168008749,144.44395972875,292805298.0,0.8331897607670244,-0.07736195558706171,10087292000.0,8966787000.0,17.034195104097314,70944000.0,69330000.0,3.787494361750121,142.18668245376634,129.33487667676332,12.763291785594122,2344415000.0,1605878000.0,-8.003062597705613,53063000.0,45824000.0,-5.830804892297836,44.181727380660725,35.044474511173185,-2.3067604038914835,2453845000.0,2756147000.0,27.301846693658316,72476000.0,72497000.0,2.0448148352558038,33.85734588001545,38.01739382319269,24.750921346839828,179.39166666666665,175.61666666666667,3.7859432340781263,2.149568188288864,1.297827340895985,76.12575654517279,41.39682750697,33.97167594969,29.09558464849038,54.93812022408,50.63330724663,10.153986848306683,56.18551768739,51.79877518495,13.185510136222689,54.3154605814,52.93876586234,9.139135037584257,42.10999075845,34.92322603438,19.343509669223735,36.83175532693,33.08425939619,33.801047180711954,28.89890318948,24.92774838181,30.57031076797405,105.37007583333,99.27083333333,6.1055321280361285,264.0,212.66666666667,16.09848484848484,146.1431,148.0775,7.347989804164534,138.57684166667,129.9575,4.233837336394686,290107933.0,287625193.0,0.9297798140528668
2005,11112187000.0,75117000.0,147.93171985036676,2103325000.0,50104000.0,41.97918329873863,3068342000.0,71251000.0,43.06384471796887,1.0,0.5780489466405967,1.0,0.5608465807590794,0.7545745834699099,189.775,1.929102139468286,75.38773034965,61.99983593676,62.464541481,58.79179704238,58.97404880062,60.10369102587,53.39102459679,98.67179116667,274.6875,152.35059374974,135.72001732969,295516599.0,0.7558278051799627,-0.001253221710052821,11805581000.0,10087292000.0,-5.8734423998276775,73631000.0,70944000.0,2.0181716939875916,160.3343836155967,142.18668245376634,-7.735498453635148,2156790000.0,2344415000.0,-2.478915425238437,49969000.0,53063000.0,0.270167503852381,43.16256078768836,44.181727380660725,-2.741675811985822,3123790000.0,2453845000.0,-1.7750232890175077,73958000.0,72476000.0,-3.6601855106952574,42.23735092890559,33.85734588001545,1.9567841516728635,186.1833333333333,179.39166666666665,1.9291021394682861,3.7859432340781263,2.149568188288864,-49.04566655664555,53.44147649605,41.39682750697,41.06595717882553,60.51652972634,54.93812022408,2.451076122718221,63.59386481715,56.18551768739,-1.7758369292338538,59.27942387022,54.3154605814,-0.8225903627328779,50.25554089252,42.10999075845,17.348351551415988,49.28127432247,36.83175532693,21.9605049832599,37.73338770304,28.89890318948,41.495444344872666,111.80347966667,105.37007583333,-11.74533077069757,306.5,264.0,-10.379282218597064,156.88168008749,146.1431,-2.8882189018010873,144.44395972875,138.57684166667,-6.039672697593323,292805298.0,290107933.0,0.9259740238716674
2006,10531123000.0,70638000.0,149.08580367507574,1808416000.0,46800000.0,38.64136752136752,3196726000.0,74602000.0,42.85040615533096,0.9716730673006492,0.6111219840639143,0.9854579377709488,0.6227609375725789,0.7769657629558635,193.11666666666667,1.760857155403328,85.39766682462,68.37736566635,67.73874467279,70.02185756299,61.08176643026,91.92306481571,64.2882591402,121.85101775,268.64583333333,192.043356686,158.96785216266,298379912.0,0.7545745834699099,0.022391179485953594,11112187000.0,11805581000.0,-5.229069669183928,75117000.0,73631000.0,-5.962698190822313,147.93171985036676,160.3343836155967,0.7801462903806788,2103325000.0,2156790000.0,-14.021085661987565,50104000.0,49969000.0,-6.594283889509822,41.97918329873863,43.16256078768836,-7.951121282227058,3068342000.0,3123790000.0,4.184148963837808,71251000.0,73958000.0,4.703091886429656,43.06384471796887,42.23735092890559,-0.49563285404671253,189.775,186.1833333333333,1.760857155403328,1.929102139468286,3.7859432340781263,-8.721413999951855,75.38773034965,53.44147649605,13.277938503445718,61.99983593676,60.51652972634,10.286365493120165,62.464541481,63.59386481715,8.443515419694991,58.79179704238,59.27942387022,19.10140714446069,58.97404880062,50.25554089252,3.5739747778989805,60.10369102587,49.28127432247,52.940798221766826,53.39102459679,37.73338770304,20.410236787374124,98.67179116667,111.80347966667,23.491239298754742,274.6875,306.5,-2.1994690936682493,152.35059374974,156.88168008749,26.05356629030384,135.72001732969,144.44395972875,17.129260141852587,295516599.0,292805298.0,0.9689178238004859
2007,13037875000.0,86520000.0,150.6920365233472,2051088000.0,50999000.0,40.218200356869744,2677117000.0,64146000.0,41.73474573628909,0.9423173855090886,0.637298423277487,1.0,0.681049885654075,0.7997048741862552,201.245,4.209027358246309,94.36914719705,81.25263806749,83.86603041307,88.98235612053,83.35883223853,108.12447552986,71.11655901006,163.66491446667,383.10333333333,255.2061104968,238.587672411,301231207.0,0.7769657629558635,0.02273911123039174,10531123000.0,11112187000.0,23.80327340208637,70638000.0,75117000.0,22.483649027435646,149.08580367507574,147.93171985036676,1.0773881943663577,1808416000.0,2103325000.0,13.419036327924537,46800000.0,50104000.0,8.972222222222225,38.64136752136752,41.97918329873863,4.080685898681713,3196726000.0,3068342000.0,-16.254411544811788,74602000.0,71251000.0,-14.015710034583527,42.85040615533096,43.06384471796887,-2.603616906214712,193.11666666666667,189.775,4.209027358246309,1.760857155403328,1.929102139468286,139.03286790359903,85.39766682462,75.38773034965,10.505533354739761,68.37736566635,61.99983593676,18.829728632666807,67.73874467279,62.464541481,23.808067034874014,70.02185756299,58.79179704238,27.077971389838652,61.08176643026,58.97404880062,36.47089321443382,91.92306481571,60.10369102587,17.624967951874805,64.2882591402,53.39102459679,10.62137933299583,121.85101775,98.67179116667,34.31559086560851,268.64583333333,274.6875,42.60535091120641,192.043356686,152.35059374974,32.88984055515864,158.96785216266,135.72001732969,50.08548531364126,298379912.0,295516599.0,0.9555921445542959
2008,12043203000.0,78570000.0,153.2799159984727,2511896000.0,56036000.0,44.826468698693695,2967007000.0,74681000.0,39.72907432948139,0.8779606985045141,0.6446348968766878,0.892717993744169,0.6613335493226009,0.7602928962923783,214.12516666666667,6.400241827954312,129.03409536099,102.75455232928,111.98482682845,130.69170808128,190.08511436297,102.22371012061,96.99045375846,223.11682773333,521.87,326.03004623959,271.52032792916,304093966.0,0.7997048741862552,-0.03941197789387696,13037875000.0,10531123000.0,-7.6290959991562985,86520000.0,70638000.0,-9.188626907073505,150.6920365233472,149.08580367507574,1.717329949764479,2051088000.0,1808416000.0,22.466515332350447,50999000.0,46800000.0,9.87666424831859,40.218200356869744,38.64136752136752,11.458166454324715,2677117000.0,3196726000.0,10.828439698377013,64146000.0,74602000.0,16.42347145574159,41.73474573628909,42.85040615533096,-4.805759257480591,201.245,193.11666666666667,6.400241827954312,4.209027358246309,1.760857155403328,52.059877097614596,94.36914719705,85.39766682462,36.73334897427538,81.25263806749,68.37736566635,26.463035260381453,83.86603041307,67.73874467279,33.52823100948612,88.98235612053,70.02185756299,46.87373292774255,83.35883223853,61.08176643026,128.03236232849855,108.12447552986,91.92306481571,-5.457381763318181,71.11655901006,64.2882591402,36.382377196765006,163.66491446667,121.85101775,36.32538681879021,383.10333333333,268.64583333333,36.221733039825075,255.2061104968,192.043356686,27.751661433544726,238.587672411,158.96785216266,13.803167274053019,301231207.0,298379912.0,0.950352730220283
2009,13067156000.0,79490000.0,164.38741980123285,2208918000.0,49841000.0,44.31929535924239,3360931000.0,76372000.0,44.00737181165872,0.8158621408685202,0.6227203952364363,0.7835153377599742,0.4709402139970495,0.658007414707575,215.1235,0.4662382049128499,79.35657336959,89.50763310976,92.98769459241,98.94708673161,120.03651280871,68.41676522365,61.75692221551,165.50963333333,423.6225,224.06988173743,185.953589925,306771529.0,0.7602928962923783,-0.10228548158480333,12043203000.0,13037875000.0,8.502331148947672,78570000.0,86520000.0,1.1709303805523819,153.2799159984727,150.6920365233472,7.246548727799951,2511896000.0,2051088000.0,-12.061725485450037,56036000.0,50999000.0,-11.055392961667499,44.826468698693695,40.218200356869744,-1.1314148853891037,2967007000.0,2677117000.0,13.276813974486746,74681000.0,64146000.0,2.264297478609012,39.72907432948139,41.73474573628909,10.768681511923806,214.12516666666667,201.245,0.46623820491284995,6.400241827954312,4.209027358246309,-92.71530330500227,129.03409536099,94.36914719705,-38.49953134667279,102.75455232928,81.25263806749,-12.891807632103603,111.98482682845,83.86603041307,-16.964023407511974,130.69170808128,88.98235612053,-24.289698111472646,190.08511436297,83.35883223853,-36.85117679467592,102.22371012061,108.12447552986,-33.07152993867315,96.99045375846,71.11655901006,-36.326803492118685,223.11682773333,163.66491446667,-25.8192960993746,521.87,383.10333333333,-18.826048632801275,326.03004623959,255.2061104968,-31.273241738963055,271.52032792916,238.587672411,-31.51393439186051,304093966.0,301231207.0,0.8805051396514774
2010,12425330000.0,81446000.0,152.55911892542298,2163023000.0,46883000.0,46.13661668408592,3331306000.0,76610000.0,43.48395770787104,0.8305800911247406,0.643847564969282,0.784892109118559,0.5347698007136636,0.6883120186374566,215.8355,0.330972673836194,100.0,100.0,100.0,100.0,100.0,100.0,79.04077178472,185.91420833333,447.10166666667,223.58210540486,229.67709914286,309378227.0,0.658007414707575,0.030304603929881657,13067156000.0,12043203000.0,-4.911749733453863,79490000.0,78570000.0,2.4606868788526803,164.38741980123285,153.2799159984727,-7.195380820571263,2208918000.0,2511896000.0,-2.0777140663437943,49841000.0,56036000.0,-5.934872895808674,44.31929535924239,44.826468698693695,4.1005194466941175,3360931000.0,2967007000.0,-0.8814521928596553,76372000.0,74681000.0,0.31163253548420755,44.00737181165872,39.72907432948139,-1.1893782387818352,215.1235,214.12516666666667,0.330972673836194,0.4662382049128499,6.400241827954312,-29.012107899210015,79.35657336959,129.03409536099,26.01350556590529,89.50763310976,102.75455232928,11.722315210115752,92.98769459241,111.98482682845,7.541111152746405,98.94708673161,130.69170808128,1.064117502767914,120.03651280871,190.08511436297,-16.69201507098107,68.41676522365,102.22371012061,46.16300503700581,61.75692221551,96.99045375846,27.986902438070693,165.50963333333,223.11682773333,12.328330737647164,423.6225,521.87,5.542473940045678,224.06988173743,326.03004623959,-0.21768937832599144,185.953589925,271.52032792916,23.513129934998744,306771529.0,304093966.0,0.8497196622180736
2011,12313956000.0,83879000.0,146.80618509996543,1993111000.0,45687000.0,43.62534200100685,3097179000.0,73776000.0,41.98084743005855,0.8234505002228795,0.6635741197136702,0.6739574404686736,1.0,0.7790042954629632,226.2005,4.802268394216891,135.21507073254,121.52111966101,122.46902308122,138.19203959563,137.61735614105,113.49124257509,104.00939752553,291.68407333333,537.51916666667,316.26413255854,285.91334630299,311839461.0,0.6883120186374566,0.09069227682550662,12425330000.0,13067156000.0,-0.8963464149443157,81446000.0,79490000.0,2.987255359379226,152.55911892542298,164.38741980123285,-3.7709537561434248,2163023000.0,2208918000.0,-7.85530250949712,46883000.0,49841000.0,-2.551031290659722,46.13661668408592,44.31929535924239,-5.44312709420085,3331306000.0,3360931000.0,-7.028084480981334,76610000.0,76372000.0,-3.6992559718052487,43.48395770787104,44.00737181165872,-3.4567007168724406,215.8355,215.1235,4.802268394216891,0.330972673836194,0.4662382049128499,1350.9561585720653,100.0,79.35657336959,35.21507073254,100.0,89.50763310976,21.52111966101,100.0,92.98769459241,22.46902308122001,100.0,98.94708673161,38.19203959563,100.0,120.03651280871,37.61735614105002,100.0,68.41676522365,13.491242575090002,79.04077178472,61.75692221551,31.58955204639955,185.91420833333,165.50963333333,56.89175988656159,447.10166666667,423.6225,20.223029064977617,223.58210540486,224.06988173743,41.45324018031427,229.67709914286,185.953589925,24.484917029168372,309378227.0,306771529.0,0.7955420857719275
2012,53691984000.0,526380000.0,102.0023253163114,6744628000.0,97584000.0,69.11612559435973,14199680000.0,452115000.0,31.407230461276445,0.8619768609969116,0.6880110010376114,0.7036081813981361,1.0,0.8037212809341049,231.7735,2.463743448842948,134.12247156247,114.28926919835,124.15108522674,141.3382252105,141.06167881075,96.12756237208,105.00962888488,298.41696413768,595.5075,313.24226961107,295.36618792745,314339099.0,0.7790042954629632,0.02471698547114165,12313956000.0,12425330000.0,336.02546573984836,83879000.0,81446000.0,527.5468234003744,146.80618509996543,152.55911892542298,-30.519054597832874,1993111000.0,2163023000.0,238.39700849576366,45687000.0,46883000.0,113.59248801628472,43.62534200100685,46.13661668408592,58.431137554783106,3097179000.0,3331306000.0,358.47140252468455,73776000.0,76610000.0,512.8212426805466,41.98084743005855,43.48395770787104,-25.186764003271,226.2005,215.8355,2.4637434488429477,4.802268394216891,0.330972673836194,-48.696256714641365,135.21507073254,100.0,-0.808045408067859,121.52111966101,100.0,-5.95110585125751,122.46902308122,100.0,1.3734592660255451,138.19203959563,100.0,2.276676445384407,137.61735614105,100.0,2.502825781778406,113.49124257509,100.0,-15.299577138316678,104.00939752553,79.04077178472,0.9616740247961442,291.68407333333,185.91420833333,2.308281946082058,537.51916666667,447.10166666667,10.788142438330972,316.26413255854,223.58210540486,-0.9554870870191468,285.91334630299,229.67709914286,3.3061911053437143,311839461.0,309378227.0,0.8015784763045097
2013,55425769000.0,352963000.0,157.02996914690775,6362707000.0,136792000.0,46.513736183402536,13019360000.0,304677000.0,42.73167977891341,0.8467988033471421,0.7107058168933014,0.6933837879741833,0.8718585948433317,0.7766448388464668,233.86891666666668,0.9040794856472578,131.65296819687,105.6813548404,114.59314038314,128.25284806405,114.36441979286,90.80847565449,104.07749749759,259.38922323788,551.38916666667,312.24786689792,276.73346173919,316726282.0,0.8037212809341049,-0.027076442087638042,53691984000.0,12313956000.0,3.229131931500251,526380000.0,83879000.0,-32.94521068429651,102.0023253163114,146.80618509996543,53.947440570550164,6744628000.0,1993111000.0,-5.6625954759847446,97584000.0,45687000.0,40.17871782259385,69.11612559435973,43.62534200100685,-32.70204922019193,14199680000.0,3097179000.0,-8.312299995492856,452115000.0,73776000.0,-32.61072957101623,31.407230461276445,41.98084743005855,36.056822430107125,231.7735,226.2005,0.9040794856472578,2.463743448842948,4.802268394216891,-63.30464172023097,134.12247156247,135.21507073254,-1.8412301360326344,114.28926919835,121.52111966101,-7.531690786307232,124.15108522674,122.46902308122,-7.698639787275397,141.3382252105,138.19203959563,-9.258201117893972,141.06167881075,137.61735614105,-18.925947318199267,96.12756237208,113.49124257509,-5.533362738359548,105.00962888488,104.00939752553,-0.8876627764410783,298.41696413768,291.68407333333,-13.07825813876783,595.5075,537.51916666667,-7.408526900724177,313.24226961107,316.26413255854,-0.31745482957478144,295.36618792745,285.91334630299,-6.3083477221965385,314339099.0,311839461.0,0.7594292302784744
2014,71526897000.0,500857000.0,142.80901934084977,6047651000.0,185105000.0,32.671462143107966,19541912000.0,501591000.0,38.95985374538219,0.8287091270526683,0.7377429957563063,0.6647554863871158,0.6175679488010873,0.7078047518233942,239.456,2.3889807217504666,120.40235773113,101.88458156883,106.01653813113,104.08341191293,101.47294963957,84.79044062036,96.235,192.88121953333,484.8575,284.8859214,245.21163752025,319257560.0,0.7766448388464668,-0.06884008702307265,55425769000.0,53691984000.0,29.04989554587867,352963000.0,526380000.0,41.900709139484874,157.02996914690775,102.0023253163114,-9.05620110818064,6362707000.0,6744628000.0,-4.951603146270922,136792000.0,97584000.0,35.318585882215324,46.513736183402536,69.11612559435973,-29.759540247884665,13019360000.0,14199680000.0,50.098868147128584,304677000.0,452115000.0,64.63041187880935,42.73167977891341,31.407230461276445,-8.826767524810675,233.86891666666668,231.7735,2.3889807217504666,0.9040794856472578,2.463743448842948,164.24454483005144,131.65296819687,134.12247156247,-8.545656523988255,105.6813548404,114.28926919835,-3.592661427650967,114.59314038314,124.15108522674,-7.48439411236509,128.25284806405,141.3382252105,-18.845145753839077,114.36441979286,141.06167881075,-11.272273471626393,90.80847565449,96.12756237208,-6.627173279537846,104.07749749759,105.00962888488,-7.535247950952706,259.38922323788,298.41696413768,-25.64023395974204,551.38916666667,595.5075,-12.066190394866826,312.24786689792,313.24226961107,-8.762892688347879,276.73346173919,295.36618792745,-11.390680411698096,316726282.0,314339099.0,0.7992004907253047
2015,68081402000.0,485384000.0,140.26297117333905,6345865000.0,192680000.0,32.934736350425574,19647562000.0,498147000.0,39.441293433464416,0.8372889918802185,0.7623546452506195,0.7087203781101121,0.5882849355516304,0.718246916211935,242.25,1.1668114392623163,66.09910600088,87.85747928828,88.46385989393,87.0646783881,98.4020707637,66.93781916701,50.75277777778,169.75022306667,392.1225,204.449128614,206.37664030275,321815121.0,0.7078047518233942,0.010442164388540842,71526897000.0,55425769000.0,-4.81706203471961,500857000.0,352963000.0,-3.0893049313476695,142.80901934084977,157.02996914690775,-1.7828342910428785,6047651000.0,6362707000.0,4.93107158465329,185105000.0,136792000.0,4.092271953755966,32.671462143107966,46.513736183402536,0.8058231558918605,19541912000.0,13019360000.0,0.5406328715429787,501591000.0,304677000.0,-0.6866151904639461,38.95985374538219,42.73167977891341,1.2357327910639038,239.456,233.86891666666668,1.1668114392623385,2.3889807217504666,0.9040794856472578,-51.15860799381571,120.40235773113,131.65296819687,-45.10148534758295,101.88458156883,105.6813548404,-13.76763987696581,106.01653813113,114.59314038314,-16.55654725821116,104.08341191293,128.25284806405,-16.35105269134226,101.47294963957,114.36441979286,-3.0263029573671774,84.79044062036,90.80847565449,-21.054993136883404,96.235,104.07749749759,-47.26162230188601,192.88121953333,259.38922323788,-11.992352870136724,484.8575,551.38916666667,-19.12623812150993,284.8859214,312.24786689792,-28.234737747205497,245.21163752025,276.73346173919,-15.837338557919367,319257560.0,316726282.0,0.8010964564159506
2016,75677408000.0,520070000.0,145.5138885150076,6890176000.0,176127000.0,39.12049827681162,21187576000.0,497911000.0,42.55293817569807,0.8567182341671228,0.7781486847964157,0.7593311255586774,0.2539525627828184,0.5987852587632528,239.0650833333333,-1.3147230822153522,56.02388371076,87.4469371009,89.62566925495,80.68537698801,77.7094140548,62.96807452078,42.81194444444,159.1608872,405.4475,166.63254345,176.30378359125,324353340.0,0.718246916211935,-0.1194616574486822,68081402000.0,71526897000.0,11.157240857055207,485384000.0,500857000.0,7.1460946384718005,140.26297117333905,142.80901934084977,3.7436233510121486,6345865000.0,6047651000.0,8.577412220398628,192680000.0,185105000.0,-8.590927963462736,32.934736350425574,32.671462143107966,18.781877773574806,19647562000.0,19541912000.0,7.838193868531884,498147000.0,501591000.0,-0.04737557387678448,39.441293433464416,38.95985374538219,7.889307046897054,242.25,239.456,-1.3147230822153633,1.1668114392623163,2.3889807217504666,-212.67656777915622,66.09910600088,120.40235773113,-15.24259993771453,87.85747928828,101.88458156883,-0.4672820011520251,88.46385989393,106.01653813113,1.3133152480719446,87.0646783881,104.08341191293,-7.327083173331883,98.4020707637,101.47294963957,-21.02868013681415,66.93781916701,84.79044062036,-5.930495937319802,50.75277777778,96.235,-15.646105850814262,169.75022306667,192.88121953333,-6.238186716556482,392.1225,484.8575,3.3981727648885185,204.449128614,284.8859214,-18.496818949714246,206.37664030275,245.21163752025,-14.571831708949112,321815121.0,319257560.0,0.7887196201697533
2017,71804453000.0,499459000.0,143.76445914479467,5239870000.0,151900000.0,34.49552337063858,22079629000.0,534677000.0,41.29526611393421,0.8667040897470586,0.8074666968399609,0.7920491845153259,0.5337390057778933,0.7375120825203595,238.5890833333333,-0.1991089595197448,69.35798926664,86.94846096013,90.20208785739,80.54523586508,74.2585009075,78.19971299913,52.805,154.53153846667,393.37811183333,174.195615525,178.18260991725,326608609.0,0.5987852587632528,0.13872682375710665,75677408000.0,68081402000.0,-5.117716241021364,520070000.0,485384000.0,-3.9631203491837685,145.5138885150076,140.26297117333905,-1.2022421969931085,6890176000.0,6345865000.0,-23.951579756453246,176127000.0,192680000.0,-13.755415126584792,39.12049827681162,32.934736350425574,-11.822382407931798,21187576000.0,19647562000.0,4.21026454371185,497911000.0,498147000.0,7.384050563253264,42.55293817569807,39.441293433464416,-2.955546939135001,239.0650833333333,242.25,-0.19910895951974483,-1.3147230822153522,1.1668114392623163,-84.85544505811524,56.02388371076,66.09910600088,23.80075188061095,87.4469371009,87.85747928828,-0.570032704741652,89.62566925495,88.46385989393,0.643140081666016,80.68537698801,87.0646783881,-0.17368837844164986,77.7094140548,98.4020707637,-4.440791620004314,62.96807452078,66.93781916701,24.189462031784736,42.81194444444,50.75277777778,23.341746527137232,159.1608872,169.75022306667,-2.9085969642232423,405.4475,392.1225,-2.976806656020803,166.63254345,204.449128614,4.538772510106592,176.30378359125,206.37664030275,1.0656755559800946,324353340.0,321815121.0,0.6953124022092805
2018,73138649000.0,490013000.0,149.25858905784133,5643593000.0,158313000.0,35.64832325835528,22996359000.0,530871000.0,43.31816769045587,0.8965841609335854,0.8476098264189607,0.8661760368389827,0.626878745412633,0.8014827668042349,239.66108333333327,0.44930806767145,89.35813828858,86.55525219788,90.44734405002,88.75876185959,82.50326035462,82.51012543675,68.3475,164.4145468,394.42416666667,209.9288346,203.89093102725,328529577.0,0.7375120825203595,0.06397068428387542,71804453000.0,75677408000.0,1.8580964609534734,499459000.0,520070000.0,-1.8912463285274628,143.76445914479467,145.5138885150076,3.821619018865552,5239870000.0,6890176000.0,7.704828554906906,151900000.0,176127000.0,4.221856484529285,34.49552337063858,39.12049827681162,3.3418825838077426,22079629000.0,21187576000.0,4.151926646955895,534677000.0,497911000.0,-0.711831629189208,41.29526611393421,42.55293817569807,4.898628261506888,238.5890833333333,239.0650833333333,0.44930806767142784,-0.1991089595197448,-1.3147230822153522,-325.6593921012851,69.35798926664,56.02388371076,28.83611424352481,86.94846096013,87.4469371009,-0.45223199802273406,90.20208785739,89.62566925495,0.27189635900419784,80.54523586508,80.68537698801,10.197407588784447,74.2585009075,77.7094140548,11.102781966188724,78.19971299913,62.96807452078,5.512056594974912,52.805,42.81194444444,29.433765741880503,154.53153846667,159.1608872,6.395463625997366,393.37811183333,405.4475,0.26591587123767635,174.195615525,166.63254345,20.51327122517137,178.18260991725,176.30378359125,14.428075288570085,326608609.0,324353340.0,0.5881559600898312
2019,68708448000.0,492250000.0,139.58039207719654,5833223000.0,152609000.0,38.22332234665059,17964196000.0,457168000.0,39.29451755153467,0.929198718071602,0.8801060115216369,0.9357019121218606,0.6822932453249793,0.8500374201441339,241.7745,0.8818355643194664,78.25171393644,83.13101916585,86.97996020112,88.95724894234,81.3785924897,78.35898702329,61.4075,170.07008806667,368.94666666667,201.692128575,211.27579630275,330226227.0,0.8014827668042349,0.048554653339898945,73138649000.0,71804453000.0,-6.057263923483191,490013000.0,499459000.0,0.456518500529568,149.25858905784133,143.76445914479467,-6.48418093842108,5643593000.0,5239870000.0,3.360093472367698,158313000.0,151900000.0,-3.602989015431457,35.64832325835528,34.49552337063858,7.223338583510452,22996359000.0,22079629000.0,-21.882433649605137,530871000.0,534677000.0,-13.883410470716996,43.31816769045587,41.29526611393421,-9.288597264024446,239.66108333333327,238.5890833333333,0.8818355643194886,0.44930806767145,-0.1991089595197448,96.26524155010185,89.35813828858,69.35798926664,-12.429113413567395,86.55525219788,86.94846096013,-3.9561239151630123,90.44734405002,90.20208785739,-3.8335938830690863,88.75876185959,80.54523586508,0.22362533973152576,82.50326035462,74.2585009075,-1.3631799035406456,82.51012543675,78.19971299913,-5.031065449830341,68.3475,52.805,-10.153992464976769,164.4145468,154.53153846667,3.4398058911110807,394.42416666667,393.37811183333,-6.459416575640797,209.9288346,174.195615525,-3.9235705950991795,203.89093102725,178.18260991725,3.6219684898653126,328529577.0,326608609.0,0.51643752002275
2020,73492958000.0,498741000.0,147.3569608273633,5480899000.0,146643000.0,37.3757970036074,21392073000.0,496241000.0,43.10823370096384,0.9597319660643548,0.8669496550454777,1.0,0.9136495529273784,0.9337505510005,250.23283333333333,3.498438972403361,52.68381369088,87.07572997935,93.12162821909,95.34816323065,74.60819918939,79.14750453154,41.25777777778,165.46600046667,406.63984166467,231.56548795,227.73879764625,,0.8500374201441339,0.08371313085636611,68708448000.0,73138649000.0,6.96349595904131,492250000.0,490013000.0,1.3186389029964385,139.58039207719654,149.25858905784133,5.571390533038367,5833223000.0,5643593000.0,-6.0399542414202205,152609000.0,158313000.0,-3.9093369329462835,38.22332234665059,35.64832325835528,-2.2172989970806523,17964196000.0,22996359000.0,19.08171676594934,457168000.0,530871000.0,8.546748678822658,39.29451755153467,43.31816769045587,9.705466276376828,241.7745,239.66108333333327,3.4984389724033615,0.8818355643194664,0.44930806767145,296.72237250979896,78.25171393644,89.35813828858,-32.67391723372033,83.13101916585,86.55525219788,4.74517316530203,86.97996020112,90.44734405002,7.061014978356961,88.95724894234,88.75876185959,7.184253519859229,81.3785924897,82.50326035462,-8.319624477612974,78.35898702329,82.51012543675,1.0062885422646328,61.4075,68.3475,-32.81312905136995,170.07008806667,164.4145468,-2.7071707037601533,368.94666666667,394.42416666667,10.216429203317446,201.692128575,209.9288346,14.811366009205207,211.27579630275,203.89093102725,7.792185206065505,330226227.0,328529577.0,0.0
2021,74845117000.0,509233000.0,146.9761720077057,5089079000.0,151451000.0,33.60214854969594,22050257000.0,519040000.0,42.48277011405672,0.99074125817012,0.969924065491064,0.8861136040156904,0.9136495529273784,0.939164695659022,258.89175,3.4603439330170405,95.38153611633,107.73860643677,120.92583644348,123.82473363084,152.30746508347,116.4444663316,69.07055555556,259.54567977893,583.3225,315.2375,281.660606585182,,0.9337505510005,0.00541414465852208,73492958000.0,68708448000.0,1.8398483838410806,498741000.0,492250000.0,2.1036971093212786,147.3569608273633,139.58039207719654,-0.2584125089982736,5480899000.0,5833223000.0,-7.148827227066212,146643000.0,152609000.0,3.278710882892466,37.3757970036074,38.22332234665059,-10.096502968344033,21392073000.0,17964196000.0,3.076765865561515,496241000.0,457168000.0,4.594340249999496,43.10823370096384,39.29451755153467,-1.4509144384014294,250.23283333333333,241.7745,3.4603439330170405,3.498438972403361,0.8818355643194664,-1.0889153615891156,52.68381369088,78.25171393644,81.04523844074203,87.07572997935,83.13101916585,23.729776899166044,93.12162821909,86.97996020112,29.857948960014124,95.34816323065,88.95724894234,29.865882504002037,74.60819918939,81.3785924897,104.1430656928784,79.14750453154,78.35898702329,47.12335786303572,41.25777777778,61.4075,67.4122051061097,165.46600046667,170.07008806667,56.857408196803874,406.63984166467,368.94666666667,43.44942138774217,231.56548795,201.692128575,36.13319618166357,227.73879764625,211.27579630275,23.677041196419047,,330226227.0,0.0
2022,69778220000.0,485017000.0,143.86757577569446,5213430000.0,148256000.0,35.1650523418951,21837609000.0,520789000.0,41.93177851298702,1.0,1.0,0.9878463185840196,0.8986376493541925,0.9706630525358448,288.4510833333333,11.417642058247624,152.57393833198,119.31760848966,138.11749681602,150.37289779006,235.73620010441,115.02407389721,97.10138888889,318.80665693333,675.395,429.97166666667,381.9184301661429,,0.939164695659022,0.031498356876822786,74845117000.0,73492958000.0,-6.769843114815355,509233000.0,498741000.0,-4.755387023229051,146.9761720077057,147.3569608273633,-2.1150341511468107,5089079000.0,5480899000.0,2.4434873186287787,151451000.0,146643000.0,-2.109593201761628,33.60214854969594,37.3757970036074,4.651201960754681,22050257000.0,21392073000.0,-0.9643787825239447,519040000.0,496241000.0,0.33696824907520906,42.48277011405672,43.10823370096384,-1.2969766321508924,258.89175,250.23283333333333,11.417642058247623,3.4603439330170405,3.498438972403361,229.95685629123847,95.38153611633,52.68381369088,59.96171223945959,107.73860643677,87.07572997935,10.747310027335022,120.92583644348,93.12162821909,14.216697504982978,123.82473363084,95.34816323065,21.44011408768165,152.30746508347,74.60819918939,54.77652390525838,116.4444663316,79.14750453154,-1.219802433844419,69.07055555556,41.25777777778,40.58289832457209,259.54567977893,165.46600046667,22.83258084082771,583.3225,406.63984166467,15.78415027707658,315.2375,231.56548795,36.39610346696378,281.660606585182,227.73879764625,35.59525941397139,,,0.0
2023,75883923000.0,520438000.0,145.80780611715517,5277206000.0,150393000.0,35.089439003145095,20747371000.0,496036000.0,41.82634123329758,1.0,1.0,0.9909136366112048,0.8545649197648182,0.959279616801819,302.9289166666667,5.019164139038024,106.95201084625,110.88394289909,125.44405313007,133.04077947589,153.53819494048,103.99665409897,80.75569444444,252.6552851537,597.89833333333,340.43,257.7418135486364,,0.9706630525358448,-0.011383435734025893,69778220000.0,74845117000.0,8.750155850923115,485017000.0,509233000.0,7.3030429861221435,143.86757577569446,146.9761720077057,1.3486223918068418,5213430000.0,5089079000.0,1.2233021254721033,148256000.0,151451000.0,1.4414256421325211,35.1650523418951,33.60214854969594,-0.21502410408733574,21837609000.0,22050257000.0,-4.992478801136146,520789000.0,519040000.0,-4.7529805737064335,41.93177851298702,42.48277011405672,-0.2514495769760483,288.4510833333333,258.89175,5.019164139038024,11.417642058247624,3.4603439330170405,-56.04027422271142,152.57393833198,95.38153611633,-29.901520524732696,119.31760848966,107.73860643677,-7.068248934356458,138.11749681602,120.92583644348,-9.175842292328628,150.37289779006,123.82473363084,-11.52609184825838,235.73620010441,152.30746508347,-34.8686392363683,115.02407389721,116.4444663316,-9.587053757193942,97.10138888889,69.07055555556,-16.833636090575244,318.80665693333,259.54567977893,-20.749683339725177,675.395,583.3225,-11.474273079704467,429.97166666667,315.2375,-20.82501560180383,381.9184301661429,281.660606585182,-32.51391051316559,,,0.0
